ply
format ascii 1.0
element vertex 2809
property float x
property float y
property float z
end_header
2.3901569843292236 0.8196043968200684 -0.6600448489189148
2.4932031631469727 0.9605871438980103 -0.6650009751319885
2.5207149982452393 0.980917751789093 -0.6631507873535156
2.548227548599243 1.001383900642395 -0.6610293388366699
2.6252353191375732 1.0584338903427124 -0.6683072447776794
2.6309454441070557 1.2159501314163208 -0.6778604388237
3.5365238189697266 -1.0753240585327148 -0.6028731465339661
2.888669013977051 -0.7138512134552002 -0.6012595891952515
2.8886773586273193 -0.6925374269485474 -0.6014900207519531
2.0141518115997314 -0.17669439315795898 -0.6081432700157166
2.0038740634918213 -0.1260334700345993 -0.6140438318252563
3.983867645263672 -0.06080599129199982 -0.6323804259300232
1.9759149551391602 -0.025121057406067848 -0.6138342618942261
3.937903881072998 -0.0023043700493872166 -0.6257341504096985
3.9828786849975586 -0.031409841030836105 -0.6325401663780212
1.9726024866104126 0.025785602629184723 -0.6133652329444885
3.9379148483276367 0.02675117552280426 -0.6260485053062439
1.9626762866973877 0.07308017462491989 -0.6097719669342041
3.9829115867614746 0.05675311014056206 -0.6334936618804932
1.9579737186431885 0.14087142050266266 -0.6173057556152344
1.9579790830612183 0.15531431138515472 -0.6174620389938354
1.9277727603912354 0.22341781854629517 -0.6229106783866882
1.9225168228149414 0.27238255739212036 -0.6217785477638245
1.912677526473999 0.3252299129962921 -0.6232208013534546
1.9068183898925781 0.3736656904220581 -0.6160908341407776
1.8835554122924805 0.4258178472518921 -0.6326872110366821
1.9040775299072266 0.40293073654174805 -0.6172711849212646
2.530177354812622 0.6398977041244507 -0.6152111291885376
2.5206916332244873 0.6652489304542542 -0.6132106781005859
2.381978750228882 0.7761878967285156 -0.6163343191146851
2.4071826934814453 0.7844527959823608 -0.6406005024909973
2.387557029724121 0.8336368799209595 -0.6300908923149109
2.4072468280792236 0.8113756775856018 -0.6142538785934448
2.3862316608428955 0.8610185384750366 -0.631497859954834
2.412595748901367 0.8754880428314209 -0.6192233562469482
2.44024658203125 0.9037777185440063 -0.6325209736824036
2.46652889251709 0.9276525378227234 -0.6212575435638428
2.4927971363067627 0.9608861207962036 -0.6189008951187134
2.547637462615967 1.0015212297439575 -0.6232748031616211
2.605292558670044 1.0440317392349243 -0.6375393867492676
2.6195647716522217 1.069320559501648 -0.6315444707870483
2.6244122982025146 1.1780927181243896 -0.604817807674408
2.6244232654571533 1.207129716873169 -0.6051319241523743
2.665419101715088 1.2460811138153076 -0.6147644519805908
3.4323575496673584 -1.7534173727035522 -0.5522155165672302
3.48484468460083 -1.7411880493164062 -0.5610429048538208
3.4790384769439697 -1.6741142272949219 -0.560802161693573
3.4323887825012207 -1.6015828847885132 -0.5665234923362732
3.4324028491973877 -1.5635900497436523 -0.5669344067573547
3.4673995971679688 -1.5408800840377808 -0.5731059312820435
3.574465751647949 -1.4816681146621704 -0.5522931814193726
3.466569662094116 -1.1566121578216553 -0.5643013715744019
3.573579788208008 -1.1780154705047607 -0.5554190874099731
3.4840762615203857 -1.1236882209777832 -0.5675559639930725
3.536567211151123 -1.1011381149291992 -0.5764949321746826
3.5735995769500732 -1.1252771615982056 -0.5559895038604736
3.4315531253814697 -1.0948368310928345 -0.5844971537590027
3.484069585800171 -1.0724091529846191 -0.5809018611907959
2.3576438426971436 -1.0057934522628784 -0.5562298893928528
2.3266286849975586 -0.9931060075759888 -0.5661129951477051
2.912684440612793 -0.762308657169342 -0.5842798948287964
2.962723970413208 -0.7600457668304443 -0.565280556678772
2.925189971923828 -0.7331362962722778 -0.5871268510818481
2.9627463817596436 -0.7199297547340393 -0.5620707273483276
2.9277288913726807 -0.6752239465713501 -0.5795883536338806
2.9627809524536133 -0.6870217323303223 -0.551495373249054
2.925252676010132 -0.6250581741333008 -0.577549159526825
2.876770496368408 -0.5728176832199097 -0.5789793729782104
2.864834785461426 -0.5280242562294006 -0.5559534430503845
2.9628589153289795 -0.4793523848056793 -0.553741455078125
2.9878644943237305 -0.4390815794467926 -0.5588712096214294
3.0138659477233887 -0.4093140959739685 -0.5640748739242554
3.0678889751434326 -0.4159213900566101 -0.5515051484107971
3.081368923187256 -0.3950212597846985 -0.5654851794242859
2.0216634273529053 -0.21473920345306396 -0.5775324702262878
2.0112736225128174 -0.18032512068748474 -0.5711875557899475
1.9919832944869995 -0.11121736466884613 -0.5635082125663757
2.003141164779663 -0.13399912416934967 -0.5797252058982849
3.8510048389434814 -0.11588925123214722 -0.5539054274559021
1.987169861793518 -0.0745321586728096 -0.5772120952606201
3.8939733505249023 -0.08830666542053223 -0.5747403502464294
3.937971353530884 -0.05994412302970886 -0.5815224051475525
1.9783762693405151 -0.02642304077744484 -0.5758482813835144
3.9379875659942627 -0.016360795125365257 -0.5819938778877258
1.9641261100769043 0.025952313095331192 -0.5745351314544678
3.9380040168762207 0.02722252532839775 -0.5824651718139648
1.9580374956130981 0.07634694874286652 -0.5732741355895996
3.9380149841308594 0.05627806857228279 -0.5827794075012207
1.9470481872558594 0.12595444917678833 -0.5777902603149414
1.9375356435775757 0.17372210323810577 -0.5769087076187134
1.9260939359664917 0.22502832114696503 -0.5746189951896667
1.9220305681228638 0.2711184620857239 -0.5768781304359436
1.9121321439743042 0.32568854093551636 -0.5754161477088928
1.9052485227584839 0.372689813375473 -0.5765472054481506
1.8897624015808105 0.4223271608352661 -0.5794228911399841
1.9041922092437744 0.403538316488266 -0.5610937476158142
1.8832237720489502 0.45434483885765076 -0.555530309677124
2.520737886428833 0.6376945972442627 -0.5849831104278564
2.4402759075164795 0.6883601546287537 -0.5761844515800476
2.4722769260406494 0.6722721457481384 -0.5723998546600342
2.516007900238037 0.6596819758415222 -0.5794872045516968
2.3762848377227783 0.7269525527954102 -0.579227864742279
2.4235403537750244 0.7057632207870483 -0.5724857449531555
2.3839030265808105 0.766637921333313 -0.5780264139175415
2.4129631519317627 0.8205114006996155 -0.5712347030639648
2.436337471008301 0.8668558597564697 -0.5807636380195618
2.4573628902435303 0.8928256630897522 -0.5732768774032593
2.46886944770813 0.9244914650917053 -0.5761809349060059
2.492353677749634 0.9609860777854919 -0.5911996960639954
2.5199015140533447 0.9721951484680176 -0.569783627986908
2.5759308338165283 1.0136171579360962 -0.5636741518974304
2.6054491996765137 1.044862985610962 -0.5606679916381836
2.6092333793640137 1.0693638324737549 -0.5732907056808472
2.608624219894409 1.1230509281158447 -0.5718117952346802
2.624471664428711 1.1784067153930664 -0.5757807493209839
2.6294846534729004 1.219512701034546 -0.5773118138313293
2.6445155143737793 1.26572585105896 -0.5712431073188782
2.665466547012329 1.2659542560577393 -0.5953166484832764
3.5024163722991943 -1.8139160871505737 -0.5114582777023315
3.493659019470215 -1.7708871364593506 -0.5234631896018982
3.5199360847473145 -1.7124276161193848 -0.5216580629348755
3.519937515258789 -1.673600673675537 -0.5285400748252869
3.490809202194214 -1.619126796722412 -0.5203349590301514
3.484973192214966 -1.573685884475708 -0.5306735634803772
3.5374972820281982 -1.5707402229309082 -0.5193685293197632
3.621029853820801 -1.4867662191390991 -0.5195468664169312
3.6885154247283936 -1.4731906652450562 -0.5295925140380859
3.727536201477051 -1.460829496383667 -0.5217112302780151
3.7275466918945312 -1.4333237409591675 -0.5220087170600891
3.7680680751800537 -1.4206509590148926 -0.5140545964241028
3.7676122188568115 -1.327746033668518 -0.5103536248207092
3.7265982627868652 -1.2954546213150024 -0.5233564376831055
3.6106297969818115 -1.229466199874878 -0.520749568939209
3.5736498832702637 -1.1820300817489624 -0.5202127695083618
3.5366737842559814 -1.1005734205245972 -0.5243027806282043
3.5736753940582275 -1.1380341053009033 -0.5162932276725769
3.4841792583465576 -1.059063196182251 -0.5296228528022766
2.321359157562256 -1.0162107944488525 -0.5303286910057068
2.3267335891723633 -0.9925490617752075 -0.5146145820617676
2.962800979614258 -0.752364993095398 -0.5289262533187866
2.458834171295166 -0.7114533185958862 -0.5200974345207214
2.937842607498169 -0.7244499921798706 -0.5138797163963318
2.962841510772705 -0.7230609059333801 -0.5146682858467102
2.4673402309417725 -0.6865153312683105 -0.5221512317657471
2.931593894958496 -0.669032633304596 -0.5241906642913818
2.888857126235962 -0.6171323657035828 -0.527698814868927
2.876878261566162 -0.5722301006317139 -0.5260199308395386
2.885885715484619 -0.5154140591621399 -0.533586859703064
2.9129347801208496 -0.5036040544509888 -0.5118510127067566
2.9754207134246826 -0.4808592200279236 -0.5231403112411499
3.013895034790039 -0.4535462260246277 -0.5413576364517212
2.987950325012207 -0.44962701201438904 -0.5146631002426147
3.04091477394104 -0.4348118305206299 -0.535211443901062
3.067958354949951 -0.4155542254447937 -0.5175530314445496
3.6100168228149414 -0.27013373374938965 -0.5176591277122498
2.0150177478790283 -0.2098398059606552 -0.527310311794281
2.007033348083496 -0.1795339286327362 -0.5255453586578369
1.9920663833618164 -0.11224180459976196 -0.5223496556282043
2.003049373626709 -0.14226281642913818 -0.5249022841453552
1.9833464622497559 -0.0766717866063118 -0.5257713198661804
3.9380762577056885 -0.06905320286750793 -0.5281492471694946
3.9830963611602783 -0.08891385048627853 -0.5143539905548096
1.9766297340393066 -0.022767910733819008 -0.5250987410545349
3.938106060028076 -0.015732327476143837 -0.5238829255104065
1.961771845817566 0.026347221806645393 -0.5303768515586853
3.9831106662750244 0.028477847576141357 -0.5303192138671875
1.9416544437408447 0.09031857550144196 -0.5184925198554993
1.9581298828125 0.0710696130990982 -0.526994526386261
3.983121633529663 0.05786550045013428 -0.5306371450424194
1.9398211240768433 0.12591052055358887 -0.525554895401001
1.931942343711853 0.17674030363559723 -0.5261687636375427
1.9251930713653564 0.22270768880844116 -0.5254882574081421
1.9158780574798584 0.2737407088279724 -0.5263454914093018
1.8942734003067017 0.3389371633529663 -0.5085815191268921
1.9088046550750732 0.3227495849132538 -0.5310468673706055
1.892432689666748 0.3803079128265381 -0.5201658606529236
1.9042389392852783 0.37575337290763855 -0.532701313495636
1.8872686624526978 0.4227867126464844 -0.5272494554519653
1.9042937755584717 0.44612711668014526 -0.5194165110588074
1.8832662105560303 0.45457014441490173 -0.5346963405609131
2.4398679733276367 0.6887000799179077 -0.5310777425765991
2.458336353302002 0.6758987307548523 -0.5439563989639282
2.5294129848480225 0.6595015525817871 -0.5032290816307068
2.37610125541687 0.7274190783500671 -0.5291551351547241
2.4148857593536377 0.7080510258674622 -0.5259470343589783
2.386202573776245 0.7678945064544678 -0.5292397141456604
2.406400442123413 0.785267174243927 -0.5338404178619385
2.4132955074310303 0.8259066343307495 -0.5230399370193481
2.439464569091797 0.8731250166893005 -0.5194675326347351
2.4574368000030518 0.8932177424430847 -0.5370256900787354
2.47126841545105 0.9240805506706238 -0.5275667905807495
2.4925034046173096 0.9617814421653748 -0.5176641941070557
2.51046085357666 0.9687260985374451 -0.5399035215377808
2.5474958419799805 1.002402663230896 -0.5292422771453857
2.5665299892425537 1.0102894306182861 -0.5142434239387512
2.605508327484131 1.0451750755310059 -0.5318413376808167
2.6055383682250977 1.0741057395935059 -0.522544264793396
2.6055564880371094 1.122150182723999 -0.5230638384819031
2.6182382106781006 1.176042079925537 -0.5260952115058899
2.627436876296997 1.2231308221817017 -0.531187117099762
2.644611120223999 1.2565003633499146 -0.5223735570907593
3.5374889373779297 -1.8052482604980469 -0.477672278881073
3.537510871887207 -1.77039635181427 -0.4736981689929962
3.5200226306915283 -1.7163105010986328 -0.4783635139465332
3.5375378131866455 -1.6747307777404785 -0.47908392548561096
3.502568244934082 -1.6196578741073608 -0.47478702664375305
3.50233793258667 -1.567858338356018 -0.475313276052475
3.573627471923828 -1.480405569076538 -0.4730318784713745
3.629645586013794 -1.4627964496612549 -0.46745097637176514
3.727120876312256 -1.4601911306381226 -0.48039042949676514
3.72760272026062 -1.4330264329910278 -0.49450311064720154
3.7676479816436768 -1.433915376663208 -0.47213318943977356
3.8086838722229004 -1.3601325750350952 -0.4688395857810974
3.7676949501037598 -1.3088111877441406 -0.4734862744808197
3.6297311782836914 -1.2352145910263062 -0.46984225511550903
3.5367395877838135 -1.1609939336776733 -0.4801506996154785
3.5367591381073 -1.1088018417358398 -0.4807151257991791
3.5738096237182617 -1.1373209953308105 -0.45037031173706055
3.501776933670044 -1.063689947128296 -0.48066046833992004
2.290811777114868 -1.0110396146774292 -0.4724847376346588
2.310823917388916 -1.0024940967559814 -0.4682871997356415
2.295780658721924 -0.9964346289634705 -0.49066850543022156
2.3313677310943604 -0.9793631434440613 -0.48628565669059753
2.962890386581421 -0.7518922090530396 -0.4852064549922943
2.4674150943756104 -0.7088422179222107 -0.480963796377182
2.9379448890686035 -0.7455393671989441 -0.45945677161216736
2.9629249572753906 -0.7189841270446777 -0.4746311604976654
2.475928783416748 -0.6882946491241455 -0.47830909490585327
2.932941198348999 -0.6666190028190613 -0.47678759694099426
2.8889482021331787 -0.6060143709182739 -0.48518651723861694
2.9129645824432373 -0.6267701983451843 -0.47290536761283875
2.8649697303771973 -0.5694975256919861 -0.4815179705619812
2.876669406890869 -0.5291029214859009 -0.47331997752189636
2.912522554397583 -0.5030574798583984 -0.4687909781932831
2.962515115737915 -0.4784487783908844 -0.47715356945991516
3.013031005859375 -0.45268338918685913 -0.4744921326637268
2.9875221252441406 -0.43818017840385437 -0.4816373586654663
3.013993501663208 -0.4308289885520935 -0.4971255958080292
3.5731067657470703 -0.3461562693119049 -0.4587986171245575
3.610105276107788 -0.32282736897468567 -0.4638133645057678
3.6480817794799805 -0.2857148349285126 -0.4825652241706848
2.007112503051758 -0.20863348245620728 -0.48084157705307007
3.629102945327759 -0.2442035973072052 -0.4804283380508423
2.0031323432922363 -0.17721150815486908 -0.47723886370658875
1.9921581745147705 -0.12348834425210953 -0.47520241141319275
2.0031096935272217 -0.14194324612617493 -0.4953523278236389
1.9801759719848633 -0.0747409537434578 -0.47579553723335266
3.9382081031799316 -0.05868718400597572 -0.46530041098594666
3.983156442642212 -0.08859602361917496 -0.48496633768081665
1.9701169729232788 -0.023704038932919502 -0.47394004464149475
3.9381895065307617 -0.029788758605718613 -0.48014235496520996
3.9832253456115723 -0.01001706998795271 -0.46622222661972046
1.9582102298736572 0.026812074705958366 -0.47884878516197205
3.9832301139831543 0.02911349944770336 -0.4715439975261688
1.9460281133651733 0.08712957054376602 -0.4709573984146118
1.958219051361084 0.058570846915245056 -0.48063668608665466
3.9832115173339844 0.058342233300209045 -0.4865555465221405
1.9392523765563965 0.12506705522537231 -0.4772360622882843
1.9246796369552612 0.1763215810060501 -0.47372525930404663
1.9180270433425903 0.2224261462688446 -0.47308969497680664
1.916081428527832 0.2712564468383789 -0.476107120513916
1.887040376663208 0.33106109499931335 -0.457837849855423
1.9098188877105713 0.3105747401714325 -0.48070162534713745
1.8863483667373657 0.3759068250656128 -0.4789443612098694
1.9080145359039307 0.3794667422771454 -0.4798305630683899
1.8868293762207031 0.4196791648864746 -0.47797635197639465
1.90440833568573 0.4467346966266632 -0.46323901414871216
1.9043993949890137 0.46070313453674316 -0.47041308879852295
2.457521438598633 0.6765928268432617 -0.4531082510948181
2.5244498252868652 0.676846981048584 -0.48844850063323975
2.585428476333618 0.6558448076248169 -0.49504509568214417
2.644451856613159 0.6716468334197998 -0.4867861866950989
2.6654534339904785 0.6968585252761841 -0.49084675312042236
2.389478921890259 0.7359427809715271 -0.48554861545562744
2.414440155029297 0.7081876397132874 -0.4991243779659271
2.644465923309326 0.7106581926345825 -0.4872080981731415
2.3895034790039062 0.7730098366737366 -0.4806617796421051
2.4110960960388184 0.8179275393486023 -0.4792623221874237
2.4395647048950195 0.8714110851287842 -0.46996334195137024
2.466074228286743 0.9244047999382019 -0.47551214694976807
2.4925785064697266 0.9621790647506714 -0.4808964431285858
2.5476112365722656 1.0030124187469482 -0.4728730320930481
2.5856103897094727 1.0374557971954346 -0.4801000952720642
2.585646629333496 1.0719060897827148 -0.46902918815612793
2.60565185546875 1.1264926195144653 -0.4769826829433441
2.60567045211792 1.1764591932296753 -0.4775230884552002
2.6151986122131348 1.2233909368515015 -0.472982257604599
2.6446945667266846 1.2666749954223633 -0.48346787691116333
3.5375685691833496 -1.8048245906829834 -0.43851712346076965
3.574605703353882 -1.8231370449066162 -0.41670188307762146
3.5375783443450928 -1.7787210941314697 -0.4387994110584259
3.574615716934204 -1.7967603206634521 -0.41698718070983887
3.520134925842285 -1.7113745212554932 -0.4242866635322571
3.537144899368286 -1.6739333868026733 -0.42681884765625
3.5019242763519287 -1.6187587976455688 -0.42300763726234436
3.5017006397247314 -1.5712283849716187 -0.41918274760246277
3.466691732406616 -1.5261319875717163 -0.43239259719848633
3.6487600803375244 -1.510040283203125 -0.40214118361473083
3.573681116104126 -1.4801204204559326 -0.4466627538204193
3.64874267578125 -1.4832630157470703 -0.41589367389678955
3.6877377033233643 -1.4716215133666992 -0.42060771584510803
3.7267332077026367 -1.4594041109085083 -0.42532792687416077
3.7677218914031982 -1.4381481409072876 -0.4350152015686035
3.808751106262207 -1.4345688819885254 -0.42118996381759644
3.8947598934173584 -1.4374637603759766 -0.416587769985199
3.873289108276367 -1.3725162744522095 -0.4148402214050293
3.767751455307007 -1.308510422706604 -0.44568538665771484
3.808793306350708 -1.3221544027328491 -0.42240577936172485
3.7267770767211914 -1.2670642137527466 -0.4411589801311493
3.7678184509277344 -1.2804089784622192 -0.41818517446517944
3.536813974380493 -1.1519190073013306 -0.4454500377178192
3.573819160461426 -1.1833243370056152 -0.436686635017395
3.536876678466797 -1.125540852546692 -0.41963621973991394
3.536864757537842 -1.0865377187728882 -0.4331076145172119
2.2859179973602295 -1.0083447694778442 -0.42094162106513977
2.3108763694763184 -1.0022175312042236 -0.4427151381969452
2.2959439754486084 -0.9899340271949768 -0.4116886556148529
2.3108997344970703 -0.9850775003433228 -0.434375524520874
2.5679848194122314 -0.7501512765884399 -0.4387524127960205
2.4820308685302734 -0.7076138854026794 -0.42433446645736694
2.9192726612091064 -0.7298115491867065 -0.42437368631362915
2.962995767593384 -0.7076995372772217 -0.44195955991744995
2.4760406017303467 -0.6877021193504333 -0.4235118329524994
2.8410940170288086 -0.6584759950637817 -0.4031253457069397
2.889068126678467 -0.6904628276824951 -0.4096662402153015
2.9380178451538086 -0.6694410443305969 -0.43860185146331787
2.8640975952148438 -0.6318962574005127 -0.4067128002643585
2.913043737411499 -0.6209907531738281 -0.43535444140434265
2.871222734451294 -0.5745835304260254 -0.42652517557144165
2.8821091651916504 -0.5294816493988037 -0.42105746269226074
2.92460560798645 -0.5045533776283264 -0.42760568857192993
2.912140369415283 -0.48091134428977966 -0.4152326285839081
2.9620823860168457 -0.47801804542541504 -0.4442928433418274
3.431190013885498 -0.35850828886032104 -0.4150707423686981
3.536170482635498 -0.3425680100917816 -0.42798322439193726
3.61018705368042 -0.32239529490470886 -0.42386114597320557
3.6481919288635254 -0.28513264656066895 -0.428734689950943
1.9922704696655273 -0.20648036897182465 -0.40376630425453186
2.0032052993774414 -0.20779161155223846 -0.4355332553386688
3.6482393741607666 -0.23115649819374084 -0.4158592224121094
3.687174081802368 -0.23363399505615234 -0.4474828839302063
1.9922558069229126 -0.17539502680301666 -0.41696107387542725
2.00319242477417 -0.18819810450077057 -0.4455963373184204
1.9892572164535522 -0.12577037513256073 -0.4260528087615967
1.9802805185317993 -0.07418810576200485 -0.424677312374115
1.96724271774292 -0.023148715496063232 -0.4224264323711395
3.9833035469055176 -0.014491246081888676 -0.4269857704639435
1.9594181776046753 0.02596832811832428 -0.4256175458431244
1.9445949792861938 0.08613704144954681 -0.42414116859436035
1.9583181142807007 0.059816256165504456 -0.4322609305381775
1.934156060218811 0.12790165841579437 -0.426967978477478
1.9253783226013184 0.17387352883815765 -0.42489761114120483
1.9173998832702637 0.22555901110172272 -0.4243737757205963
1.8943976163864136 0.2907956540584564 -0.438199907541275
1.9103419780731201 0.27086877822875977 -0.42373979091644287
1.8944084644317627 0.32710397243499756 -0.43998983502388
1.9044495820999146 0.32717475295066833 -0.41980797052383423
1.894181251525879 0.3759602904319763 -0.42699623107910156
1.903491735458374 0.362870991230011 -0.40593811869621277
1.8938722610473633 0.4221118688583374 -0.4269152879714966
1.9035234451293945 0.4470929801464081 -0.4068489968776703
1.893489122390747 0.45833709836006165 -0.4258188009262085
1.9081083536148071 0.47345080971717834 -0.4193512797355652
1.903546929359436 0.5102593898773193 -0.4075322449207306
2.4395744800567627 0.6824654340744019 -0.428331196308136
2.7286269664764404 0.6748137474060059 -0.401332825422287
2.389622449874878 0.7367051839828491 -0.4150538146495819
2.4145989418029785 0.7119802832603455 -0.4220072329044342
2.389650344848633 0.7632361054420471 -0.40652790665626526
2.417271137237549 0.8255933523178101 -0.44148796796798706
2.439640760421753 0.8785474300384521 -0.43405085802078247
2.457677125930786 0.8944919109344482 -0.4192095994949341
2.480656862258911 0.9273688793182373 -0.4355432987213135
2.51700496673584 0.9662050008773804 -0.4359849989414215
2.5476877689361572 1.0034186840057373 -0.4352934956550598
2.5856878757476807 1.0378681421279907 -0.4419597387313843
2.5856986045837402 1.0664736032485962 -0.44226905703544617
2.6120455265045166 1.1257785558700562 -0.44727176427841187
2.605731248855591 1.171026349067688 -0.4467122554779053
2.6120924949645996 1.215765357017517 -0.4417916536331177
3.5743589401245117 -1.8312864303588867 -0.37261223793029785
3.5369670391082764 -1.7645962238311768 -0.3736041784286499
3.536731481552124 -1.7253282070159912 -0.3740004301071167
3.5367465019226074 -1.686184048652649 -0.3744238317012787
3.519279956817627 -1.6303620338439941 -0.36872655153274536
3.5017988681793213 -1.566409707069397 -0.3718600571155548
3.629826784133911 -1.4885650873184204 -0.373422771692276
3.6878206729888916 -1.4711799621582031 -0.3797919750213623
3.7268171310424805 -1.4589577913284302 -0.3840804398059845
3.7268271446228027 -1.4314593076705933 -0.3843778669834137
3.8303351402282715 -1.4278461933135986 -0.38123512268066406
3.8518831729888916 -1.3645857572555542 -0.3699985146522522
3.8088510036468506 -1.3218506574630737 -0.39430227875709534
3.726945400238037 -1.2661720514297485 -0.35866403579711914
3.7678754329681396 -1.2801083326339722 -0.3903842866420746
3.5739293098449707 -1.1761618852615356 -0.38401976227760315
3.5369834899902344 -1.124976396560669 -0.36744412779808044
3.573941707611084 -1.119076132774353 -0.3890325129032135
3.5739636421203613 -1.0838695764541626 -0.38501793146133423
2.296015977859497 -1.012089490890503 -0.37192386388778687
2.3110153675079346 -1.001479983329773 -0.37452295422554016
2.296022653579712 -0.9951524138450623 -0.37210705876350403
2.311021327972412 -0.9844321608543396 -0.37470728158950806
2.8881311416625977 -0.7536914944648743 -0.36622118949890137
2.9294443130493164 -0.7785429358482361 -0.3712135851383209
2.466630458831787 -0.7028693556785583 -0.37617847323417664
2.870378255844116 -0.7175982594490051 -0.3749387860298157
2.9371743202209473 -0.7224551439285278 -0.35119545459747314
2.4751522541046143 -0.686842679977417 -0.3685665428638458
2.5300989151000977 -0.6830494999885559 -0.39557120203971863
2.8351566791534424 -0.6672820448875427 -0.37077051401138306
2.823176383972168 -0.622917652130127 -0.36966145038604736
2.837191104888916 -0.5734975934028625 -0.37208661437034607
2.841230869293213 -0.52178555727005 -0.3626798093318939
2.864180088043213 -0.5260212421417236 -0.38672617077827454
2.864192247390747 -0.4943273663520813 -0.38706889748573303
3.5012593269348145 -0.33902454376220703 -0.3850248157978058
3.573321580886841 -0.34501585364341736 -0.3533515930175781
3.610295534133911 -0.3218192160129547 -0.37059155106544495
3.648301601409912 -0.2845504879951477 -0.374904066324234
2.0393238067626953 -0.22538718581199646 -0.3738638758659363
3.648310899734497 -0.23525427281856537 -0.37992364168167114
3.6873457431793213 -0.21914981305599213 -0.36602070927619934
1.9923059940338135 -0.1916276216506958 -0.38923144340515137
2.0290470123291016 -0.17522773146629333 -0.37934404611587524
3.6873557567596436 -0.19194670021533966 -0.3663148880004883
1.9923388957977295 -0.10346467047929764 -0.3901849687099457
2.021341323852539 -0.12678532302379608 -0.38433218002319336
2.2074170112609863 -0.1108422726392746 -0.3506488800048828
1.9923497438430786 -0.07407701015472412 -0.3905027508735657
1.9923665523529053 -0.02999553456902504 -0.3909795880317688
3.9833579063415527 -0.028867250308394432 -0.39743924140930176
1.9782856702804565 0.026723258197307587 -0.3871605694293976
1.9473979473114014 0.08481079339981079 -0.3978031873703003
1.972835898399353 0.07053552567958832 -0.3765307068824768
1.9419249296188354 0.131067156791687 -0.3935987651348114
1.964465856552124 0.12034179270267487 -0.37130260467529297
1.9276446104049683 0.17182132601737976 -0.3918778598308563
1.928007960319519 0.24031773209571838 -0.3741420805454254
1.92375910282135 0.2715413570404053 -0.37957245111465454
1.9575529098510742 0.2735154330730438 -0.3585578501224518
1.9117577075958252 0.3189091980457306 -0.38956496119499207
1.9169223308563232 0.3818189799785614 -0.3823624849319458
1.910832166671753 0.4211134910583496 -0.37281307578086853
1.9295934438705444 0.4641222357749939 -0.3758052885532379
1.9575697183609009 0.47530052065849304 -0.38961470127105713
1.8881192207336426 0.5340274572372437 -0.37668731808662415
1.9035861492156982 0.5128012895584106 -0.38884153962135315
1.8856568336486816 0.5750409364700317 -0.36622849106788635
1.9036657810211182 0.5599201917648315 -0.3589341640472412
2.7066731452941895 0.6361676454544067 -0.3711376488208771
2.439676284790039 0.6812110543251038 -0.3779321014881134
2.685666799545288 0.6770957112312317 -0.3819810152053833
2.706716299057007 0.6795653700828552 -0.3582966923713684
2.389712333679199 0.7371816635131836 -0.37099453806877136
2.4146947860717773 0.7095358967781067 -0.37446701526641846
2.6857457160949707 0.7434089183807373 -0.3562842011451721
2.7067112922668457 0.7193838357925415 -0.36871013045310974
2.389725685119629 0.7724291682243347 -0.37137579917907715
2.416358232498169 0.8224735856056213 -0.36523184180259705
2.439784049987793 0.8703294992446899 -0.36198267340660095
3.5193076133728027 -1.8137059211730957 -0.31923961639404297
3.5193357467651367 -1.7746200561523438 -0.31313759088516235
3.5193448066711426 -1.7163619995117188 -0.32029247283935547
3.5368528366088867 -1.6856197118759155 -0.32223162055015564
3.5193681716918945 -1.6298950910568237 -0.3255344331264496
3.501899480819702 -1.5787698030471802 -0.3200448155403137
3.46692156791687 -1.5376768112182617 -0.3171466886997223
3.574009895324707 -1.175734043121338 -0.3444660007953644
3.537036657333374 -1.1246939897537231 -0.34134796261787415
3.5740346908569336 -1.1098110675811768 -0.34517902135849
2.311154365539551 -1.0007425546646118 -0.30633068084716797
2.296111822128296 -0.9862257242202759 -0.3298552930355072
2.3111605644226074 -0.9836946129798889 -0.306515097618103
3.536177635192871 -0.8893029689788818 -0.317702978849411
3.573650598526001 -0.8722276091575623 -0.3345166742801666
3.5731730461120605 -0.8369127511978149 -0.33045482635498047
2.9121668338775635 -0.7595003247261047 -0.34776148200035095
2.475220203399658 -0.7047061920166016 -0.3318522572517395
2.912174940109253 -0.7380167245864868 -0.3479938805103302
2.475245475769043 -0.6863490343093872 -0.3229205310344696
2.888206958770752 -0.6682353615760803 -0.3458365201950073
2.9121909141540527 -0.6950497031211853 -0.34845855832099915
3.983295202255249 -0.6744420528411865 -0.30228379368782043
2.841238021850586 -0.6158769130706787 -0.3407001197338104
2.888214588165283 -0.6469289064407349 -0.34606701135635376
2.829253673553467 -0.5821265578269958 -0.33960917592048645
2.8642544746398926 -0.5572581887245178 -0.34412482380867004
2.864262580871582 -0.5361289381980896 -0.34435340762138367
3.6484134197235107 -0.3511110544204712 -0.3068881928920746
3.6293680667877197 -0.33625441789627075 -0.3322228789329529
3.6874213218688965 -0.31377241015434265 -0.3105847239494324
3.648383855819702 -0.2841138541698456 -0.3345312476158142
3.68743634223938 -0.272967666387558 -0.31102612614631653
3.6874237060546875 -0.23231011629104614 -0.32506895065307617
3.6874442100524902 -0.17790383100509644 -0.3256573975086212
2.0354795455932617 -0.1442163586616516 -0.3130720853805542
2.081981658935547 -0.12891295552253723 -0.3151904344558716
2.119990825653076 -0.11505589634180069 -0.31327852606773376
1.9319965839385986 0.4265511631965637 -0.33419814705848694
1.9577034711837769 0.43999233841896057 -0.3170468807220459
1.946655511856079 0.4585871994495392 -0.3442193567752838
1.9631836414337158 0.47010132670402527 -0.33270028233528137
1.8866947889328003 0.5825210809707642 -0.3490928113460541
1.8694156408309937 0.6230703592300415 -0.3303302824497223
2.7067627906799316 0.62336266040802 -0.32441291213035583
1.8688106536865234 0.6653055548667908 -0.30814772844314575
2.439771890640259 0.6906938552856445 -0.33304762840270996
2.7067737579345703 0.6699075698852539 -0.3282439112663269
2.3897974491119385 0.7405637502670288 -0.32990431785583496
2.419790506362915 0.7168939709663391 -0.3288833498954773
2.6857869625091553 0.7189162969589233 -0.3312561511993408
2.7068166732788086 0.7299052476882935 -0.31891006231307983
2.389808416366577 0.7699366211891174 -0.3302220404148102
2.422832489013672 0.7929897904396057 -0.32296839356422424
2.6858253479003906 0.7767795920372009 -0.3236275613307953
2.7068073749542236 0.7597421407699585 -0.32921555638313293
2.426422357559204 0.8263062238693237 -0.3344901204109192
2.68583607673645 0.8229632377624512 -0.3274288475513458
2.4398207664489746 0.8705241084098816 -0.3439899981021881
2.4635088443756104 0.8793677091598511 -0.3351795971393585
2.6448466777801514 0.8781439661979675 -0.3329561948776245
2.679194450378418 0.8670089840888977 -0.32379457354545593
2.4751858711242676 0.9140869379043579 -0.3370567858219147
2.644857883453369 0.907402515411377 -0.33327266573905945
2.6758861541748047 0.9234375357627869 -0.3223864436149597
2.685908317565918 0.9617281556129456 -0.31902438402175903
2.014965295791626 1.0258854627609253 -0.30268746614456177
2.01399302482605 1.0996062755584717 -0.3033413589000702
3.5369415283203125 -1.8023464679718018 -0.25572142004966736
3.5194098949432373 -1.7763965129852295 -0.27627384662628174
3.519458532333374 -1.7286486625671387 -0.26169490814208984
3.5194756984710693 -1.672518014907837 -0.2644768953323364
3.501990556716919 -1.616967797279358 -0.26795005798339844
3.5019991397857666 -1.5696449279785156 -0.2727687358856201
2.295271158218384 -0.9765188694000244 -0.25361934304237366
2.3128881454467773 -0.9897071123123169 -0.27539268136024475
3.5012309551239014 -0.906316339969635 -0.2884722352027893
3.53625226020813 -0.8802304863929749 -0.28301215171813965
3.5732853412628174 -0.8713966608047485 -0.2685639262199402
3.573273181915283 -0.8319964408874512 -0.2821725308895111
3.573319911956787 -0.7791302800178528 -0.2695617973804474
3.687363386154175 -0.7620357275009155 -0.251323938369751
3.767357110977173 -0.7501954436302185 -0.25702545046806335
3.767310857772827 -0.7227024435997009 -0.2851194739341736
3.8298306465148926 -0.7198897004127502 -0.2759157419204712
3.8943517208099365 -0.7171220183372498 -0.26623085141181946
2.4734678268432617 -0.6875332593917847 -0.27474361658096313
3.894303798675537 -0.6887019872665405 -0.2952723205089569
3.9383535385131836 -0.6958667635917664 -0.26952603459358215
3.726410150527954 -0.5500338077545166 -0.27008095383644104
3.687427520751953 -0.5173544883728027 -0.2675735056400299
3.6874430179595947 -0.4765499532222748 -0.2680148184299469
3.6484484672546387 -0.40465065836906433 -0.27939075231552124
3.6874709129333496 -0.42662855982780457 -0.2640204131603241
3.648458480834961 -0.37773528695106506 -0.2796818017959595
3.6874947547912598 -0.36315447092056274 -0.26470690965652466
3.687493324279785 -0.3179139792919159 -0.274264931678772
3.6875252723693848 -0.28154513239860535 -0.2655895948410034
3.687534809112549 -0.2317216992378235 -0.270662784576416
3.687544345855713 -0.1818983107805252 -0.27573609352111816
3.7265820503234863 -0.16501176357269287 -0.26049819588661194
2.035555601119995 -0.1312883049249649 -0.2781277894973755
2.063589096069336 -0.10471051186323166 -0.2670505940914154
2.1135432720184326 -0.10676361620426178 -0.28905269503593445
3.7675297260284424 -0.13903795182704926 -0.2914322316646576
3.808580160140991 -0.13995394110679626 -0.2664819359779358
3.894577741622925 -0.11377491801977158 -0.2727563977241516
2.0886192321777344 -0.09008387476205826 -0.2550225853919983
2.1395578384399414 -0.09188161045312881 -0.28486186265945435
2.152608871459961 -0.07614400237798691 -0.2629386782646179
2.406790018081665 0.3799149692058563 -0.26318761706352234
2.4147989749908447 0.40795135498046875 -0.26434341073036194
2.7105228900909424 0.6214037537574768 -0.27814212441444397
1.8703498840332031 0.6812291145324707 -0.29201874136924744
2.685925245285034 0.6850551962852478 -0.25660037994384766
2.706869602203369 0.6679250001907349 -0.2808043360710144
1.870397925376892 0.7159175872802734 -0.2751501500606537
1.9039095640182495 0.7153139114379883 -0.2693639099597931
2.706894636154175 0.7203554511070251 -0.2788757085800171
2.6858928203582764 0.7771366834640503 -0.2906138598918915
2.7069239616394043 0.7636811137199402 -0.2726891338825226
2.0289671421051025 0.83906489610672 -0.2652798891067505
2.0629680156707764 0.8233282566070557 -0.2617470920085907
2.138965606689453 0.823226809501648 -0.26308080554008484
2.1589577198028564 0.8152646422386169 -0.2653733193874359
2.2069640159606934 0.8178225755691528 -0.26288458704948425
2.2649667263031006 0.8150829076766968 -0.26111260056495667
2.685912847518921 0.8233703374862671 -0.2897932529449463
2.7069602012634277 0.8236427307128906 -0.2666824460029602
2.0149853229522705 0.8777547478675842 -0.26394063234329224
2.6859352588653564 0.8729124069213867 -0.2883480191230774
2.706991195678711 0.8702955842018127 -0.2605319321155548
2.013810157775879 0.9270230531692505 -0.2704324424266815
2.6859681606292725 0.9200373291969299 -0.2814286947250366
2.0050058364868164 0.9736395478248596 -0.27259859442710876
1.9910684823989868 1.043166995048523 -0.2553887367248535
2.0032711029052734 1.0261694192886353 -0.2751626670360565
1.991079568862915 1.072525143623352 -0.25570622086524963
2.0020337104797363 1.0783665180206299 -0.2792469561100006
3.5370213985443115 -1.801923155784607 -0.21657726168632507
3.574026584625244 -1.8467224836349487 -0.2053477168083191
3.5370094776153564 -1.7629201412200928 -0.23004862666130066
3.5740463733673096 -1.7939839363098145 -0.20591814815998077
3.5370564460754395 -1.7322865724563599 -0.21298055350780487
3.519578218460083 -1.6805260181427002 -0.21245038509368896
3.5195977687835693 -1.6286771297454834 -0.2129250466823578
3.502110242843628 -1.577651858329773 -0.216693714261055
3.467130184173584 -1.5365700721740723 -0.21482884883880615
2.2953269481658936 -0.9888959527015686 -0.22385451197624207
2.3236870765686035 -0.9705850481987 -0.21406930685043335
2.342374563217163 -0.9306708574295044 -0.21195411682128906
2.357347249984741 -0.9235615134239197 -0.22647801041603088
2.373990535736084 -0.8753484487533569 -0.21466059982776642
3.5733609199523926 -0.8841498494148254 -0.22887876629829407
2.390411853790283 -0.8301421403884888 -0.21312855184078217
2.4074161052703857 -0.8092225193977356 -0.21491560339927673
3.573380708694458 -0.8314262628555298 -0.22944898903369904
2.418426513671875 -0.7770420908927917 -0.21627356112003326
2.458428144454956 -0.7532715797424316 -0.22020305693149567
3.5733954906463623 -0.7918834686279297 -0.22987668216228485
3.6103973388671875 -0.7731716632843018 -0.232520192861557
3.6874191761016846 -0.761741578578949 -0.2241208851337433
2.4404735565185547 -0.7387561202049255 -0.20070527493953705
2.458451509475708 -0.7229845523834229 -0.21448563039302826
3.767442226409912 -0.7497445940971375 -0.2153351753950119
3.8729209899902344 -0.7343134880065918 -0.2287880778312683
3.9384613037109375 -0.7242937684059143 -0.21110081672668457
3.983464241027832 -0.7028763294219971 -0.2138032168149948
2.4683024883270264 -0.6885346174240112 -0.22441792488098145
2.5114660263061523 -0.6762174367904663 -0.21663929522037506
3.93841290473938 -0.6955524682998657 -0.24047055840492249
3.6875388622283936 -0.5167662501335144 -0.21316729485988617
3.7265219688415527 -0.5494393110275269 -0.21509918570518494
3.687554121017456 -0.4759615361690521 -0.21360863745212555
3.687574625015259 -0.4215553104877472 -0.2141970694065094
3.6875948905944824 -0.3671489655971527 -0.21478554606437683
3.687609910964966 -0.32634425163269043 -0.21522687375545502
3.6876254081726074 -0.28553956747055054 -0.21566817164421082
3.6876180171966553 -0.2312804013490677 -0.2298581749200821
3.726168632507324 -0.23311874270439148 -0.20474585890769958
3.6871612071990967 -0.19030643999576569 -0.21667073667049408
3.7256665229797363 -0.16452887654304504 -0.2192036658525467
2.0328283309936523 -0.10819493234157562 -0.23058512806892395
3.7666714191436768 -0.1382569521665573 -0.22189021110534668
3.8936660289764404 -0.11328666657209396 -0.2296019345521927
2.0387160778045654 -0.0830981507897377 -0.20893792808055878
2.079023599624634 -0.07403706014156342 -0.22326667606830597
2.125666856765747 -0.06743504852056503 -0.23624108731746674
2.1516475677490234 -0.060082294046878815 -0.24712197482585907
2.125723123550415 -0.043667688965797424 -0.21298235654830933
2.482496976852417 0.17608977854251862 -0.22715981304645538
2.471015214920044 0.22713878750801086 -0.23191502690315247
2.4398062229156494 0.29582643508911133 -0.23880280554294586
2.4578187465667725 0.27503156661987305 -0.22864338755607605
2.4341540336608887 0.33093613386154175 -0.23864133656024933
2.457869529724121 0.3256922662258148 -0.2136532962322235
2.389878749847412 0.36870327591896057 -0.2171902060508728
2.4178426265716553 0.3641871213912964 -0.23436081409454346
2.4229936599731445 0.41649410128593445 -0.23176440596580505
2.457913637161255 0.4435085654258728 -0.2149275541305542
2.4664011001586914 0.463227242231369 -0.2249223291873932
2.7287065982818604 0.6262497901916504 -0.22973984479904175
2.6859655380249023 0.6852694153785706 -0.2367921769618988
2.706979751586914 0.6670159697532654 -0.22638848423957825
2.706996202468872 0.7208951711654663 -0.22896777093410492
2.686022996902466 0.7844179272651672 -0.2279592752456665
2.7070112228393555 0.7608217000961304 -0.22939959168434143
2.026667833328247 0.8366155028343201 -0.2275925576686859
2.077434539794922 0.8265374302864075 -0.22979938983917236
2.1216962337493896 0.8270590901374817 -0.23238949477672577
2.165386915206909 0.8288190960884094 -0.22098395228385925
2.2332119941711426 0.8330912590026855 -0.21422746777534485
2.2872977256774902 0.8153561353683472 -0.22140231728553772
2.3090784549713135 0.8150741457939148 -0.20636636018753052
2.686030864715576 0.8042261004447937 -0.22817353904247284
2.7070374488830566 0.8306930065155029 -0.23015530407428741
2.022611141204834 0.8765444159507751 -0.22923067212104797
2.6853976249694824 0.8766684532165527 -0.22560390830039978
2.706707000732422 0.857166588306427 -0.2337435632944107
2.0180788040161133 0.9265050292015076 -0.22758382558822632
2.6850717067718506 0.9128212332725525 -0.22926732897758484
2.005702257156372 0.9744457006454468 -0.22533711791038513
1.9910956621170044 1.035986304283142 -0.24063029885292053
2.002120018005371 1.0180590152740479 -0.22508268058300018
1.9911093711853027 1.0726838111877441 -0.24102720618247986
2.0021512508392334 1.071624755859375 -0.22012628614902496
3.5370962619781494 -1.8145477771759033 -0.17729203402996063
3.5371642112731934 -1.7751213312149048 -0.1516193300485611
3.5740997791290283 -1.793698787689209 -0.17954899370670319
3.5371525287628174 -1.7361186742782593 -0.16509072482585907
3.5196666717529297 -1.6800570487976074 -0.16908606886863708
3.519685745239258 -1.6282100677490234 -0.1697329580783844
3.4905638694763184 -1.5632688999176025 -0.1603064388036728
3.4672391414642334 -1.5232270956039429 -0.16380825638771057
2.321091651916504 -1.014735460281372 -0.17048437893390656
2.2954025268554688 -0.9927164316177368 -0.18571633100509644
2.3224306106567383 -0.9760899543762207 -0.17529039084911346
2.3794665336608887 -0.9749680757522583 -0.15789638459682465
2.4074718952178955 -0.9506990313529968 -0.16010956466197968
2.3424267768859863 -0.9303905367851257 -0.18603883683681488
2.3741307258605957 -0.9204358458518982 -0.16974952816963196
2.4074783325195312 -0.9329424500465393 -0.16030164062976837
3.5734591484069824 -0.9318621158599854 -0.17123889923095703
2.371194362640381 -0.8733022809028625 -0.17746928334236145
3.5734682083129883 -0.883579671382904 -0.1761552393436432
2.3904850482940674 -0.8259827494621277 -0.1779073029756546
2.4185001850128174 -0.8063480257987976 -0.1742762327194214
3.573488473892212 -0.8308559656143188 -0.17672547698020935
2.418314218521118 -0.7767216563224792 -0.18948353826999664
2.469862699508667 -0.7742054462432861 -0.16636106371879578
3.573476552963257 -0.791455864906311 -0.1903340369462967
3.610511541366577 -0.7814257740974426 -0.17471539974212646
3.687502145767212 -0.761300265789032 -0.18331623077392578
2.44050669670105 -0.7475615739822388 -0.18260785937309265
2.4758753776550293 -0.7212700843811035 -0.17033103108406067
2.5115740299224854 -0.7403506636619568 -0.15110377967357635
3.767526865005493 -0.7492937445640564 -0.17364493012428284
3.8730692863464355 -0.7263582944869995 -0.15743552148342133
3.9385204315185547 -0.7239795923233032 -0.1820453256368637
2.480299949645996 -0.6905152797698975 -0.17249248921871185
2.530059576034546 -0.6710994243621826 -0.17166785895824432
3.7266111373901367 -0.535247802734375 -0.1740114539861679
3.6876423358917236 -0.4619186818599701 -0.1729511171579361
3.7266266345977783 -0.49401140213012695 -0.17445746064186096
3.6876578330993652 -0.4211140275001526 -0.17339244484901428
3.6876728534698486 -0.38030922412872314 -0.17383378744125366
3.7266781330108643 -0.35655659437179565 -0.17594413459300995
3.725693941116333 -0.3152427077293396 -0.17634344100952148
3.686713933944702 -0.2714303731918335 -0.17496387660503387
3.7257416248321533 -0.23727352917194366 -0.16802451014518738
3.766781806945801 -0.2208641916513443 -0.15152335166931152
3.725773334503174 -0.17767620086669922 -0.1640879362821579
3.76678466796875 -0.13765595853328705 -0.16631796956062317
3.8937830924987793 -0.11266538500785828 -0.17215515673160553
2.0302212238311768 -0.07247024774551392 -0.17323479056358337
2.0627613067626953 -0.05821900814771652 -0.19136378169059753
2.0628294944763184 -0.042679574340581894 -0.16110745072364807
2.1214563846588135 -0.038070179522037506 -0.18132267892360687
2.1553072929382324 -0.01961688883602619 -0.17641836404800415
2.51717472076416 0.1765771359205246 -0.1984843760728836
2.492858409881592 0.2114219069480896 -0.19698640704154968
2.4748876094818115 0.2827032506465912 -0.19637051224708557
2.4748945236206055 0.30095428228378296 -0.19656787812709808
2.510939836502075 0.3355552852153778 -0.18119698762893677
2.5236151218414307 0.36344045400619507 -0.1823342740535736
2.4754388332366943 0.4197410047054291 -0.19789116084575653
2.510969877243042 0.4170289933681488 -0.18207816779613495
2.7143971920013428 0.6333864331245422 -0.1785101294517517
2.7720959186553955 0.6272042393684387 -0.16164390742778778
2.7068567276000977 0.6714686751365662 -0.17850714921951294
2.7065978050231934 0.7212958931922913 -0.17902958393096924
2.7062277793884277 0.7710798382759094 -0.1795421838760376
2.035738229751587 0.8352832794189453 -0.18043453991413116
2.0621912479400635 0.8392696976661682 -0.1553644835948944
2.286626100540161 0.8407360911369324 -0.1878824532032013
2.3304567337036133 0.8202319741249084 -0.18528327345848083
2.7061355113983154 0.8209375143051147 -0.18007366359233856
2.0338082313537598 0.8721082210540771 -0.1714150309562683
2.192115545272827 0.8612622022628784 -0.19698773324489594
2.206109046936035 0.8506747484207153 -0.1980552226305008
2.2641358375549316 0.8572579622268677 -0.18632756173610687
2.6851322650909424 0.8769122362136841 -0.1925731748342514
2.706164836883545 0.86424720287323 -0.1738893687725067
2.0336811542510986 0.924444854259491 -0.1767752468585968
2.6851320266723633 0.9131425619125366 -0.1995660811662674
2.717189311981201 0.9146624207496643 -0.171712264418602
2.017400026321411 0.9748315215110779 -0.17747041583061218
2.0160717964172363 1.0253947973251343 -0.1746835559606552
2.0054380893707275 1.072352647781372 -0.17755930125713348
2.014296293258667 1.1012123823165894 -0.15485355257987976
3.5138752460479736 -1.7805768251419067 -0.1287882775068283
3.537259101867676 -1.7355540990829468 -0.11289860308170319
3.537278413772583 -1.6833617687225342 -0.11346307396888733
3.5023064613342285 -1.615290880203247 -0.11292347311973572
3.5198323726654053 -1.566878080368042 -0.10971363633871078
3.5363590717315674 -1.5392639636993408 -0.10193928331136703
2.310530424118042 -1.0153343677520752 -0.11856745183467865
2.2955753803253174 -0.9918009638786316 -0.1010664626955986
2.324535846710205 -0.9848586320877075 -0.12182559072971344
2.4128336906433105 -0.9703106880187988 -0.14247101545333862
3.610517978668213 -0.95860755443573 -0.13728179037570953
2.423943042755127 -0.9280925989151001 -0.1293613463640213
3.573561429977417 -0.9225521683692932 -0.12300404906272888
2.3852429389953613 -0.8713772892951965 -0.12422403693199158
3.5735652446746826 -0.8874505162239075 -0.1277778446674347
3.6106019020080566 -0.8784148097038269 -0.11151123046875
2.3905885219573975 -0.8380042910575867 -0.12487780302762985
2.411590814590454 -0.8250979781150818 -0.12615562975406647
2.458592176437378 -0.8066898584365845 -0.12895004451274872
2.511625289916992 -0.8047845363616943 -0.11335437744855881
3.5735960006713867 -0.830285906791687 -0.12400197237730026
2.489069700241089 -0.7843660116195679 -0.1446279138326645
2.5302186012268066 -0.7769837975502014 -0.12194951623678207
3.610610008239746 -0.7853367924690247 -0.12583689391613007
3.687613010406494 -0.7607119083404541 -0.128910094499588
2.4801440238952637 -0.7128266096115112 -0.12201544642448425
2.511608362197876 -0.7494124174118042 -0.13247951865196228
3.7266457080841064 -0.740835428237915 -0.11679965257644653
3.7675838470458984 -0.7489930987358093 -0.14585140347480774
3.85163950920105 -0.7363764643669128 -0.12094314396381378
3.938638925552368 -0.7233511209487915 -0.12393434345722198
2.4816501140594482 -0.679673433303833 -0.12549978494644165
3.7676570415496826 -0.5544382333755493 -0.14795565605163574
3.89469838142395 -0.5719143748283386 -0.12413068860769272
3.7266721725463867 -0.5212050676345825 -0.1466692090034485
3.8087191581726074 -0.5317804217338562 -0.1217472106218338
3.7266881465911865 -0.4799686372280121 -0.14711523056030273
3.76774001121521 -0.4846538305282593 -0.12091368436813354
3.7259867191314697 -0.42475882172584534 -0.13393889367580414
3.72572922706604 -0.36991265416145325 -0.14826542139053345
3.725749969482422 -0.3149454891681671 -0.1488599181175232
3.7257652282714844 -0.2737201154232025 -0.1493058204650879
3.807856321334839 -0.16649414598941803 -0.12566529214382172
2.03885817527771 -0.057367630302906036 -0.14406438171863556
2.0672049522399902 -0.037346139550209045 -0.14115335047245026
2.1518917083740234 -0.011279268190264702 -0.1365661770105362
2.165896415710449 0.004793633706867695 -0.1376120001077652
2.523700714111328 0.28960344195365906 -0.12569864094257355
2.3901028633117676 0.3435065448284149 -0.10235021263360977
2.423095226287842 0.33075928688049316 -0.10353706777095795
2.5229175090789795 0.324354887008667 -0.1284160166978836
2.3741097450256348 0.35852980613708496 -0.10187043249607086
2.4750638008117676 0.3564969599246979 -0.12415604293346405
2.5300238132476807 0.364824116230011 -0.14551903307437897
2.7351701259613037 0.6322416067123413 -0.1260293424129486
2.771137237548828 0.6271889805793762 -0.14115093648433685
2.706181287765503 0.671808123588562 -0.12856535613536835
2.7061996459960938 0.7216978073120117 -0.12910497188568115
2.7062182426452637 0.7715874314308167 -0.12964454293251038
2.0704174041748047 0.8353874087333679 -0.12531578540802002
2.7062370777130127 0.8214771747589111 -0.1301841288805008
2.056271553039551 0.8695868253707886 -0.12166987359523773
2.685258388519287 0.8742902874946594 -0.12983481585979462
2.706284523010254 0.8665396571159363 -0.11570289731025696
2.0677287578582764 0.9232034087181091 -0.12613126635551453
2.7062909603118896 0.9113863110542297 -0.12117749452590942
2.0829689502716064 0.9762058854103088 -0.12747962772846222
2.0789859294891357 1.020264744758606 -0.12776605784893036
2.0790059566497803 1.0739059448242188 -0.12834621965885162
2.064516305923462 1.1181751489639282 -0.13181716203689575
3.5373141765594482 -1.8003709316253662 -0.07304887473583221
3.519796848297119 -1.7786859273910522 -0.08575963228940964
3.537339210510254 -1.7351306676864624 -0.07375448197126389
3.537358283996582 -1.6829384565353394 -0.07431898266077042
3.5013859272003174 -1.6144182682037354 -0.07414636015892029
3.5189146995544434 -1.5703012943267822 -0.06854474544525146
3.573458433151245 -1.5545225143432617 -0.050256773829460144
3.536412239074707 -1.5389820337295532 -0.07585059106349945
2.2956035137176514 -1.0085475444793701 -0.0839533656835556
2.312424898147583 -0.9814214110374451 -0.06785135716199875
2.4076662063598633 -0.9142256379127502 -0.07171094417572021
3.5366899967193604 -0.9386589527130127 -0.056251753121614456
3.5736563205718994 -0.9308167695999146 -0.0745791420340538
2.3838202953338623 -0.8753318786621094 -0.0738690197467804
3.573678493499756 -0.8956201076507568 -0.07056567817926407
3.6106882095336914 -0.8646653890609741 -0.07170303165912628
2.386136054992676 -0.8357936143875122 -0.06683135777711868
2.414290189743042 -0.8098564147949219 -0.0802081748843193
2.567655324935913 -0.8124640583992004 -0.0969931110739708
3.6107029914855957 -0.8247131109237671 -0.07213513553142548
2.4077489376068115 -0.7897376418113708 -0.05529875308275223
2.586662769317627 -0.7896636128425598 -0.09800241887569427
2.606665849685669 -0.7763391137123108 -0.09894939512014389
3.610718250274658 -0.7847606539726257 -0.07256725430488586
3.6877241134643555 -0.7601234316825867 -0.07450390607118607
2.475741386413574 -0.701941728591919 -0.07623478025197983
3.7267301082611084 -0.7403894662857056 -0.07556329667568207
3.8732237815856934 -0.7398752570152283 -0.07882589101791382
3.9386980533599854 -0.7230368852615356 -0.09487885981798172
3.983752727508545 -0.7306748032569885 -0.06654735654592514
2.47575044631958 -0.6791186928749084 -0.07648162543773651
2.423651695251465 0.28648144006729126 -0.0673322007060051
2.4931418895721436 0.26796528697013855 -0.06889594346284866
2.520606756210327 0.2803489863872528 -0.08831683546304703
2.390146493911743 0.33201152086257935 -0.07872488349676132
2.412487506866455 0.3235476613044739 -0.07340612262487411
2.493117570877075 0.3045341968536377 -0.08767744898796082
2.7282567024230957 0.62971031665802 -0.08279714733362198
2.706282377243042 0.6723476648330688 -0.07867581397294998
2.6853039264678955 0.7263191342353821 -0.07872653752565384
2.7063004970550537 0.7202416658401489 -0.07919381558895111
2.685326337814331 0.7857216596603394 -0.07936903089284897
2.7063193321228027 0.7696325778961182 -0.07972802221775055
2.090087890625 0.8343742489814758 -0.08208619803190231
2.112365245819092 0.8145897388458252 -0.06513778865337372
2.6853537559509277 0.8056297898292542 -0.0696827620267868
2.7063305377960205 0.8269516825675964 -0.08533750474452972
2.0733604431152344 0.8722482323646545 -0.07849130034446716
2.68540358543396 0.8849402070045471 -0.06063898652791977
2.7063615322113037 0.8652902245521545 -0.07743626087903976
2.0598835945129395 0.9185845255851746 -0.0761568695306778
2.087200164794922 0.9797812104225159 -0.08012492209672928
2.077897310256958 1.0243353843688965 -0.07366674393415451
2.0755324363708496 1.0751755237579346 -0.07468187808990479
2.0778000354766846 1.122313141822815 -0.0751940906047821
3.519892692565918 -1.8040926456451416 -0.033674098551273346
3.5194053649902344 -1.771417260169983 -0.034022197127342224
3.5194220542907715 -1.7260148525238037 -0.03451324999332428
3.5189313888549805 -1.6782705783843994 -0.03932620584964752
3.501464605331421 -1.613999366760254 -0.03540077060461044
3.518994092941284 -1.5698800086975098 -0.0296054407954216
3.5365188121795654 -1.5384175777435303 -0.02367321401834488
2.2957308292388916 -0.9909770488739014 -0.024881578981876373
2.314736843109131 -0.9733412265777588 -0.02535896934568882
2.4587411880493164 -0.9506751298904419 -0.02764996699988842
2.4322526454925537 -0.9227749109268188 -0.0275411456823349
2.458803653717041 -0.9322478771209717 -0.0006466943304985762
3.536752939224243 -0.9122880101203918 -0.03044523485004902
3.573802947998047 -0.9212692379951477 -0.004376173950731754
2.3839375972747803 -0.8747069835662842 -0.016090137884020805
3.5737805366516113 -0.8863101005554199 -0.022330835461616516
3.6108078956604004 -0.8596020936965942 -0.01404227688908577
2.3871400356292725 -0.8297154903411865 -0.01911735162138939
2.407796621322632 -0.8072061538696289 -0.02847188152372837
3.610811710357666 -0.8241369724273682 -0.01886550895869732
2.3908238410949707 -0.7839670181274414 -0.01966339536011219
2.4073214530944824 -0.78919517993927 -0.01978575438261032
3.622997522354126 -0.7732815742492676 -0.019501687958836555
2.474853277206421 -0.7010767459869385 -0.021451929584145546
3.686873197555542 -0.7319934368133545 -0.006789250764995813
3.725813865661621 -0.7397520542144775 -0.03431837633252144
3.7668771743774414 -0.7195126414299011 -0.007183306384831667
2.475034475326538 -0.6797520518302917 -0.01864214986562729
2.4231905937194824 0.09945082664489746 -0.01168864220380783
2.4316823482513428 0.12669247388839722 -0.021008208394050598
2.423365592956543 0.17079636454582214 -0.021396730095148087
2.4581377506256104 0.1552634835243225 -0.04866097494959831
2.4151976108551025 0.21462318301200867 -0.030748212710022926
2.4698734283447266 0.24125759303569794 -0.0315011702477932
2.390184164047241 0.27358344197273254 -0.048716671764850616
2.423701524734497 0.27333763241767883 -0.040380511432886124
2.5472490787506104 0.2561863362789154 -0.01378539577126503
2.5662569999694824 0.27722305059432983 -0.014074452221393585
2.4231977462768555 0.3134716749191284 -0.049742091447114944
2.7283709049224854 0.6383450031280518 -0.02856510691344738
2.7210521697998047 0.6766566038131714 -0.0289015993475914
2.7064037322998047 0.7227769494056702 -0.029325861483812332
2.1514217853546143 0.7987683415412903 -0.03423311933875084
2.7064216136932373 0.7726665735244751 -0.029865451157093048
2.0994300842285156 0.8344676494598389 -0.03716261684894562
2.1319150924682617 0.8226226568222046 -0.04211895540356636
2.151411533355713 0.8145424723625183 -0.04233458638191223
2.7064406871795654 0.8225562572479248 -0.030405040830373764
2.0851306915283203 0.8655544519424438 -0.026518242433667183
2.706479787826538 0.8725537657737732 -0.020966725423932076
2.0484800338745117 0.9353757500648499 -0.03212699294090271
2.0907020568847656 0.9185377359390259 -0.024971947073936462
2.6855392456054688 0.925184428691864 -0.0016648066230118275
2.7064945697784424 0.912465512752533 -0.021398399025201797
2.061415672302246 0.9664250016212463 -0.0207115076482296
2.6855380535125732 0.9745795130729675 -0.012100623920559883
2.0875375270843506 1.0205434560775757 -0.020562807098031044
2.6855621337890625 1.028063416481018 -0.010698771104216576
2.0810563564300537 1.0709426403045654 -0.02106287144124508
2.6855807304382324 1.0703192949295044 -0.009835591539740562
2.078909397125244 1.1234650611877441 -0.02164790965616703
3.5190086364746094 -1.777194857597351 0.018039027228951454
3.5190176963806152 -1.7295410633087158 0.013239575549960136
3.5190482139587402 -1.6732914447784424 0.016979821026325226
3.501570463180542 -1.6134405136108398 0.016259996220469475
3.4840869903564453 -1.5669571161270142 0.01568474806845188
3.536561965942383 -1.564224362373352 0.0026976438239216805
3.5191094875335693 -1.5433597564697266 0.021968290209770203
2.2883353233337402 -0.9872782230377197 0.0257878415286541
2.3108108043670654 -0.9840850830078125 0.013175232335925102
3.573856830596924 -0.9209840893745422 0.021985575556755066
3.610229730606079 -0.9121313691139221 0.03979405015707016
2.368541717529297 -0.8696191310882568 0.022230830043554306
3.609905481338501 -0.8632813692092896 0.034825894981622696
2.385329484939575 -0.8243778347969055 0.026071883738040924
2.406874179840088 -0.8419004678726196 0.016295772045850754
3.6099205017089844 -0.823340117931366 0.034393902868032455
2.389895439147949 -0.7832688689231873 0.015591202303767204
2.4069299697875977 -0.7884608507156372 0.03346903249621391
3.6226067543029785 -0.7726004719734192 0.03394434228539467
2.4749460220336914 -0.700583279132843 0.024175599217414856
3.725954532623291 -0.7390090823173523 0.03439044579863548
3.7669341564178467 -0.7192121744155884 0.02060280367732048
3.8724770545959473 -0.7240160703659058 0.042478181421756744
3.98297381401062 -0.7000057697296143 0.035981711000204086
2.474956512451172 -0.6732067465782166 0.023879501968622208
2.44022798538208 0.10053328424692154 0.006239411886781454
2.541317939758301 0.23718543350696564 0.023875834420323372
2.5472872257232666 0.25638946890830994 0.004996981471776962
2.5663270950317383 0.25870972871780396 0.023975413292646408
2.605297565460205 0.2820581793785095 0.004959631711244583
2.721139430999756 0.6370982527732849 0.021719330921769142
2.7284882068634033 0.6791254878044128 0.021295156329870224
2.7065048217773438 0.7233163714408875 0.020563682541251183
2.706523895263672 0.7732061147689819 0.020024089142680168
2.706542491912842 0.8230957984924316 0.019484497606754303
2.087397336959839 0.8726489543914795 0.028558749705553055
2.7065813541412354 0.8730933666229248 0.02892281487584114
2.042027711868286 0.9271838068962097 0.027925536036491394
2.0852479934692383 0.91475510597229 0.021500425413250923
2.6855838298797607 0.9352989792823792 0.018028946593403816
2.7066056728363037 0.9196929931640625 0.03174516558647156
2.046586751937866 0.9601084589958191 0.01543576642870903
2.0709686279296875 0.977178692817688 0.03595716133713722
2.6856186389923096 0.9750077724456787 0.027501042932271957
2.706631660461426 0.9530246257781982 0.03803738206624985
2.086332321166992 1.0234475135803223 0.025549190118908882
2.685642957687378 1.028491497039795 0.028902895748615265
2.706613540649414 1.0126765966415405 0.017434054985642433
2.080559492111206 1.0732238292694092 0.024875186383724213
2.6856558322906494 1.074012041091919 0.026430245488882065
2.080225706100464 1.1246390342712402 0.02434760145843029
3.501629114151001 -1.8064703941345215 0.0829312726855278
3.5366017818450928 -1.7896682024002075 0.06601671129465103
3.5736160278320312 -1.7773147821426392 0.07079464197158813
3.5366578102111816 -1.732954740524292 0.08279779553413391
3.5736043453216553 -1.7379146814346313 0.057186078280210495
3.519153594970703 -1.672795057296753 0.06883502006530762
3.492926836013794 -1.6088852882385254 0.06771212071180344
3.4841926097869873 -1.5663996934890747 0.06721636652946472
3.519195079803467 -1.5386102199554443 0.06301356852054596
2.295886278152466 -0.9901531338691711 0.05130328983068466
2.3160548210144043 -0.9791579842567444 0.07075905799865723
3.6099672317504883 -0.9161043763160706 0.07534303516149521
2.341972589492798 -0.8581719398498535 0.06801692396402359
3.6099820137023926 -0.876163125038147 0.07491104304790497
2.372082471847534 -0.8259524703025818 0.06668523699045181
3.609997272491455 -0.8362218737602234 0.07447906583547592
2.380408763885498 -0.7866473197937012 0.0717305988073349
3.6176416873931885 -0.7763717770576477 0.08462763577699661
3.7260382175445557 -0.7385631799697876 0.07561574131250381
3.8940439224243164 -0.7419406771659851 0.07882825285196304
3.938053607940674 -0.7209751605987549 0.07943328469991684
2.467750310897827 -0.6799840331077576 0.06416104733943939
2.7065727710723877 0.6340546607971191 0.07142449170351028
2.6446521282196045 0.6972070932388306 0.09813374280929565
2.685652256011963 0.6886445879936218 0.09990929067134857
2.7139220237731934 0.6758399605751038 0.07116531580686569
2.112647771835327 0.7228414416313171 0.09159305691719055
2.6856672763824463 0.7282463908195496 0.09948096424341202
2.706606864929199 0.7238559126853943 0.0704532191157341
2.116999626159668 0.7711616158485413 0.09128030389547348
2.7139601707458496 0.7758902311325073 0.0701102614402771
2.0750732421875 0.8347910642623901 0.08242479711771011
2.112679958343506 0.8084878921508789 0.0906667485833168
2.677680015563965 0.82850581407547 0.08618633449077606
2.7066495418548584 0.8203452825546265 0.072735995054245
2.0593101978302 0.876368522644043 0.07141022384166718
2.6823487281799316 0.8754281997680664 0.07794911414384842
2.706634998321533 0.8534612655639648 0.05907239019870758
2.0598063468933105 0.9265427589416504 0.06853057444095612
2.714036703109741 0.92610102891922 0.07854588329792023
2.0858373641967773 0.9764331579208374 0.07409510016441345
2.685715913772583 0.9656427502632141 0.07711020857095718
2.706538677215576 0.9699538350105286 0.0711110308766365
2.078559398651123 1.0245506763458252 0.0713430866599083
2.643768548965454 1.0087872743606567 0.09472271800041199
2.678558826446533 1.028712272644043 0.06955990940332413
2.71675443649292 1.007224440574646 0.08776071667671204
2.072411060333252 1.074938178062439 0.07054560631513596
2.6780600547790527 1.0679829120635986 0.06254805624485016
2.075207233428955 1.1223026514053345 0.07014653086662292
3.5737087726593018 -1.8162873983383179 0.12394581735134125
3.573718547821045 -1.7899256944656372 0.12366069853305817
3.5192503929138184 -1.7197582721710205 0.12555213272571564
3.5192599296569824 -1.672168254852295 0.12081798911094666
3.5192766189575195 -1.6267067193984985 0.12032626569271088
3.519293785095215 -1.5812451839447021 0.11983458697795868
3.51931095123291 -1.5358481407165527 0.11934357136487961
2.2950525283813477 -1.0057406425476074 0.13607586920261383
2.2875075340270996 -0.9859455227851868 0.11016703397035599
2.314607858657837 -0.9752187132835388 0.12218570709228516
2.326083183288574 -0.9332159161567688 0.1370215117931366
3.5730504989624023 -0.9284734725952148 0.11870642751455307
3.610053300857544 -0.9023587107658386 0.11514021456241608
2.3314177989959717 -0.8694760203361511 0.125135138630867
3.6100635528564453 -0.8757311701774597 0.11485221236944199
2.3381128311157227 -0.8344724774360657 0.13230541348457336
2.3627495765686035 -0.8199967741966248 0.11458341777324677
3.6100785732269287 -0.8357899188995361 0.11442022770643234
2.3703341484069824 -0.7758575081825256 0.12027992308139801
2.4071245193481445 -0.7520027160644531 0.12183091044425964
3.610126256942749 -0.7823910713195801 0.12715794146060944
3.687112808227539 -0.7578656673431396 0.11588555574417114
2.39016056060791 -0.7466872334480286 0.13857589662075043
2.415322780609131 -0.7186892032623291 0.13076141476631165
3.767122268676758 -0.7459466457366943 0.11815472692251205
3.872652053833008 -0.7230883836746216 0.12825167179107666
3.93811297416687 -0.7206609845161438 0.10848140716552734
2.463824510574341 -0.6782065033912659 0.12377701699733734
3.983153820037842 -0.6990524530410767 0.12412236630916595
2.706678867340088 0.7541135549545288 0.10006320476531982
2.0498015880584717 0.8219636082649231 0.1479054093360901
2.066633462905884 0.8285863399505615 0.11865046620368958
2.1192262172698975 0.8035051822662354 0.11449216306209564
2.0475382804870605 0.8683652281761169 0.12285368144512177
2.0699715614318848 0.9254781603813171 0.1292688250541687
2.0732014179229736 0.9747671484947205 0.12566696107387543
2.049863815307617 1.0213119983673096 0.13970576226711273
2.0699172019958496 1.0197186470031738 0.11171364784240723
2.049886465072632 1.0817404985427856 0.13905216753482819
2.0618362426757812 1.0663838386535645 0.11749099940061569
2.049893856048584 1.1089168787002563 0.13724736869335175
2.0618526935577393 1.1191282272338867 0.11523191630840302
3.573789596557617 -1.8158597946166992 0.1634884476661682
3.536846160888672 -1.7970478534698486 0.1878579705953598
3.573826313018799 -1.7893555164337158 0.17638422548770905
3.519338607788086 -1.7192894220352173 0.1689041405916214
3.5368640422821045 -1.679789662361145 0.17354385554790497
3.5368785858154297 -1.6406564712524414 0.1731206178665161
3.519388437271118 -1.5742326974868774 0.16509637236595154
3.484442949295044 -1.5266623497009277 0.18239106237888336
3.536890983581543 -1.536442518234253 0.15894761681556702
2.2950870990753174 -1.005557656288147 0.1529984176158905
2.295093297958374 -0.988635241985321 0.15281541645526886
2.310102701187134 -0.9693757891654968 0.1535549759864807
2.3101184368133545 -0.9267926216125488 0.1530943661928177
3.5731253623962402 -0.919308602809906 0.15375056862831116
2.3261373043060303 -0.8815761804580688 0.15361636877059937
3.573174476623535 -0.883979320526123 0.170940101146698
3.610145092010498 -0.8752992153167725 0.15479335188865662
2.3421666622161865 -0.8097468614578247 0.15385054051876068
3.573213815689087 -0.8267831802368164 0.17910732328891754
3.6101598739624023 -0.8353579044342041 0.15436136722564697
2.357179641723633 -0.78000408411026 0.15447673201560974
3.617805004119873 -0.7755059599876404 0.1646782010793686
3.7262520790100098 -0.7648578882217407 0.18584713339805603
2.4072065353393555 -0.7249948978424072 0.1570412963628769
3.767235517501831 -0.7453455328941345 0.17372693121433258
3.872739315032959 -0.7226258516311646 0.17101940512657166
3.938290596008301 -0.7197185158729553 0.19562572240829468
3.9833033084869385 -0.6982580423355103 0.19757291674613953
2.0402672290802 0.8303295969963074 0.178644597530365
2.049896001815796 0.8767412900924683 0.18357416987419128
2.0618746280670166 0.8879693746566772 0.17092303931713104
2.049915075302124 0.9331302642822266 0.18195705115795135
2.0642824172973633 0.9163893461227417 0.16930072009563446
2.049929141998291 0.9755663275718689 0.18077857792377472
2.0618903636932373 0.9714635014533997 0.16242128610610962
2.046938180923462 1.0246812105178833 0.17563028633594513
2.0459578037261963 1.0769494771957397 0.17496488988399506
2.040374994277954 1.1100361347198486 0.1771036982536316
2.061950206756592 1.131018042564392 0.16069558262825012
3.5369162559509277 -1.8227134943008423 0.22727316617965698
3.5369203090667725 -1.787975549697876 0.22254881262779236
3.5739493370056152 -1.7711632251739502 0.2333112508058548
3.5369553565979004 -1.7183583974838257 0.226144477725029
3.5369701385498047 -1.6792255640029907 0.22572124004364014
3.536984920501709 -1.640092372894287 0.2252979874610901
3.5020012855529785 -1.585375189781189 0.22262372076511383
3.5020158290863037 -1.5466296672821045 0.22220462560653687
3.5732128620147705 -1.1161116361618042 0.23495152592658997
3.573247194290161 -1.0238710641860962 0.23395387828350067
3.5732617378234863 -0.9843396544456482 0.2335263192653656
3.573265552520752 -0.9273333549499512 0.22412392497062683
3.5732743740081787 -0.8790644407272339 0.2192089706659317
3.5732839107513428 -0.8307954668998718 0.21429400146007538
3.61032772064209 -0.8211803436279297 0.23409968614578247
3.5733461380004883 -0.7603269815444946 0.23110346496105194
3.6103053092956543 -0.7858690619468689 0.21596406400203705
3.6873066425323486 -0.7568362951278687 0.21107052266597748
3.648360013961792 -0.748820960521698 0.23571830987930298
3.767348527908325 -0.7447445392608643 0.22929918766021729
3.87288236618042 -0.729034423828125 0.24250885844230652
3.938349962234497 -0.719404399394989 0.22467383742332458
3.983363389968872 -0.6979402899742126 0.22695311903953552
2.025940418243408 0.7978873252868652 0.22095347940921783
2.027158737182617 0.8297877311706543 0.22367064654827118
2.0419750213623047 0.8796415328979492 0.22188732028007507
2.040395498275757 0.9270508885383606 0.2226770520210266
2.027860403060913 0.9745070934295654 0.22263292968273163
2.020900249481201 1.023513913154602 0.22742024064064026
2.0214407444000244 1.073345422744751 0.22422665357589722
2.0260627269744873 1.1084448099136353 0.22049236297607422
3.5370230674743652 -1.8221492767333984 0.27945053577423096
3.5195488929748535 -1.7807106971740723 0.28416112065315247
3.57401442527771 -1.7883574962615967 0.2686503827571869
3.5370569229125977 -1.7308385372161865 0.2784629464149475
3.5740976333618164 -1.7089871168136597 0.2941567301750183
3.536736011505127 -1.6742054224014282 0.27347585558891296
3.5015921592712402 -1.6233340501785278 0.2746620774269104
3.4748568534851074 -1.572719693183899 0.2721622586250305
3.4748764038085938 -1.5213972330093384 0.27154260873794556
3.501145124435425 -1.4810791015625 0.2730881869792938
3.573160171508789 -1.4714689254760742 0.27833110094070435
3.6101698875427246 -1.4598082304000854 0.2809527516365051
3.6481802463531494 -1.4479905366897583 0.283646821975708
3.6871907711029053 -1.4359949827194214 0.2864132821559906
3.7261734008789062 -1.423572063446045 0.2754317820072174
3.767184019088745 -1.4111616611480713 0.2781910002231598
3.9381959438323975 -1.4449801445007324 0.2906244099140167
3.573305130004883 -1.1550731658935547 0.2880878448486328
3.536250591278076 -1.1436669826507568 0.2589958906173706
3.57330060005188 -1.1200289726257324 0.278922975063324
3.5362746715545654 -1.0784635543823242 0.25829067826271057
3.5733234882354736 -1.0585354566574097 0.278257817029953
3.5733275413513184 -1.023443579673767 0.273485392332077
3.536371946334839 -0.9608156085014343 0.28310254216194153
3.5733323097229004 -0.9883520603179932 0.26871296763420105
3.5363552570343018 -0.9348753094673157 0.269779771566391
3.5733673572540283 -0.9180260300636292 0.27234524488449097
3.5733819007873535 -0.8784943222999573 0.2719177305698395
3.5734095573425293 -0.8301304578781128 0.27578750252723694
3.610382080078125 -0.8208923935890198 0.2607271075248718
3.5734219551086426 -0.7730766534805298 0.27077749371528625
3.629441022872925 -0.7446244955062866 0.2746985852718353
3.7264585494995117 -0.7363339066505432 0.2817422151565552
3.8084475994110107 -0.7240162491798401 0.2736525237560272
3.8944647312164307 -0.7110426425933838 0.27958136796951294
3.9384493827819824 -0.6898849606513977 0.26793184876441956
1.9910929203033447 0.8284244537353516 0.2899700999259949
2.009540557861328 0.8249531984329224 0.2650175988674164
1.987107515335083 0.8706298470497131 0.2889065146446228
2.014057159423828 0.8750766515731812 0.2632165849208832
1.9747055768966675 0.929372251033783 0.29050570726394653
2.0176737308502197 0.9257537126541138 0.2616596519947052
1.968153715133667 0.9780953526496887 0.2906297445297241
2.009603261947632 0.9712201356887817 0.267124205827713
1.9461843967437744 1.0314799547195435 0.29528579115867615
1.9721559286117554 1.0203831195831299 0.28332430124282837
2.005108594894409 1.0187833309173584 0.26048243045806885
1.9425159692764282 1.0556527376174927 0.28966042399406433
1.9798274040222168 1.0713551044464111 0.2758403718471527
2.002139091491699 1.0763139724731445 0.2643674314022064
3.5366291999816895 -1.8213310241699219 0.3315788507461548
3.5193004608154297 -1.777925729751587 0.32528287172317505
3.5186707973480225 -1.7256815433502197 0.33331266045570374
3.5186805725097656 -1.6759109497070312 0.32846999168395996
3.477851629257202 -1.6205617189407349 0.3198673129081726
3.474961519241333 -1.5721662044525146 0.3233562409877777
3.466230630874634 -1.5171109437942505 0.32201412320137024
3.5187582969665527 -1.4682292938232422 0.32615917921066284
3.6102514266967773 -1.4593762159347534 0.3208938539028168
3.5733041763305664 -1.444401741027832 0.34393203258514404
3.610288619995117 -1.4326046705245972 0.33391958475112915
3.6872739791870117 -1.4355536699295044 0.32720687985420227
3.72625732421875 -1.4231261014938354 0.3166571259498596
3.7672693729400635 -1.4107108116149902 0.31987014412879944
3.9382848739624023 -1.4445090293884277 0.33419662714004517
3.5733859539031982 -1.1546456813812256 0.32761937379837036
3.5734007358551025 -1.1151139736175537 0.3271917998790741
3.5734152793884277 -1.0755823850631714 0.3267642557621002
3.5734305381774902 -1.036050796508789 0.32633665204048157
3.5734500885009766 -0.9833421111106873 0.32576659321784973
3.573469638824463 -0.9306331872940063 0.3251965343952179
3.5734894275665283 -0.8779243230819702 0.3246264159679413
3.573509693145752 -0.8252154588699341 0.32405638694763184
3.5735292434692383 -0.7725066542625427 0.32348623871803284
3.648052215576172 -0.7477036118507385 0.32984840869903564
3.7260711193084717 -0.7356443405151367 0.3366619050502777
3.8080332279205322 -0.7234690189361572 0.3157419264316559
3.8945233821868896 -0.7107319831848145 0.3083047568798065
3.937586784362793 -0.7179722189903259 0.3407790958881378
3.9375383853912354 -0.6892454028129578 0.31142422556877136
3.982603073120117 -0.6965011954307556 0.34438684582710266
1.9703311920166016 0.837096631526947 0.3070409595966339
1.9699825048446655 0.8776275515556335 0.307994544506073
1.9604828357696533 0.9209839701652527 0.31607985496520996
1.9462240934371948 0.9816016554832458 0.3245077431201935
1.959395408630371 0.9709762930870056 0.31246328353881836
1.9383864402770996 1.0305854082107544 0.3246023654937744
1.9572445154190063 1.0104162693023682 0.3289935886859894
1.9462482929229736 1.0618723630905151 0.32077133655548096
3.51873517036438 -1.8116323947906494 0.38171911239624023
3.518749475479126 -1.7727041244506836 0.38129809498786926
3.5187766551971436 -1.7250351905822754 0.3851299285888672
3.5362894535064697 -1.6770656108856201 0.3821445405483246
3.518805980682373 -1.6234451532363892 0.37981298565864563
3.51882266998291 -1.5779964923858643 0.3793213963508606
3.5013294219970703 -1.5273510217666626 0.37258848547935486
3.518864154815674 -1.467668056488037 0.37806349992752075
3.5733842849731445 -1.443974256515503 0.3834635615348816
3.648372173309326 -1.4469722509384155 0.37782445549964905
3.687357187271118 -1.4351125955581665 0.36800047755241394
3.7263693809509277 -1.4225316047668457 0.3716241717338562
3.7673540115356445 -1.4102600812911987 0.3615493178367615
3.80841326713562 -1.4250198602676392 0.39360225200653076
3.9383738040924072 -1.4440375566482544 0.37776878476142883
3.573493480682373 -1.1540756225585938 0.38032808899879456
3.5735082626342773 -1.1145439147949219 0.37990057468414307
3.5735228061676025 -1.0750123262405396 0.3794729709625244
3.573537588119507 -1.0354807376861572 0.37904542684555054
3.5735576152801514 -0.9827720522880554 0.3784753382205963
3.5733273029327393 -0.9300007820129395 0.37787774205207825
3.5355710983276367 -0.8554095029830933 0.36011549830436707
3.5729377269744873 -0.8815404772758484 0.3817017674446106
3.5726170539855957 -0.8244222402572632 0.37665891647338867
3.5726046562194824 -0.7850440144538879 0.36305803060531616
3.609652519226074 -0.7749618291854858 0.38440126180648804
3.6866395473480225 -0.754874050617218 0.3741425573825836
3.7256546020507812 -0.7351034879684448 0.37783244252204895
3.7666707038879395 -0.7151228189468384 0.38172024488449097
3.8076188564300537 -0.7229219675064087 0.3578238785266876
3.893669605255127 -0.7097800374031067 0.3800148367881775
1.957299828529358 1.0164650678634644 0.3548884987831116
1.9463146924972534 1.0679494142532349 0.35225632786750793
3.536315441131592 -1.8200899362564087 0.42281800508499146
3.5188558101654053 -1.7721413373947144 0.43333160877227783
3.5363759994506836 -1.7286640405654907 0.4348713457584381
3.5363855361938477 -1.6808953285217285 0.4300072491168976
3.5364105701446533 -1.6373794078826904 0.43388399481773376
3.50142240524292 -1.582695722579956 0.42914342880249023
3.501441717147827 -1.5310497283935547 0.42858487367630005
3.5189733505249023 -1.4822521209716797 0.4345005750656128
3.5734825134277344 -1.4697586297988892 0.4364573061466217
3.610468626022339 -1.4582242965698242 0.42740365862846375
3.6484546661376953 -1.446535587310791 0.4181862771511078
3.6874678134918213 -1.4345242977142334 0.4223918318748474
3.7264816761016846 -1.421937108039856 0.4265912175178528
3.767523765563965 -1.4093586206436157 0.44490769505500793
3.8084704875946045 -1.4247161149978638 0.4216909408569336
3.938462734222412 -1.4435664415359497 0.4213409423828125
3.5736005306243896 -1.1535056829452515 0.4330368638038635
3.5366060733795166 -1.1157522201538086 0.4282422959804535
3.5366158485412598 -1.0896707773208618 0.4279601275920868
3.5731303691864014 -1.0742955207824707 0.43211907148361206
3.5356669425964355 -1.0240442752838135 0.44017040729522705
3.5731184482574463 -1.0349138975143433 0.4185180366039276
3.5356814861297607 -0.9849334359169006 0.4397473931312561
3.572657585144043 -0.9775908589363098 0.42662397027015686
3.5726847648620605 -0.9292404651641846 0.4304927587509155
3.572704315185547 -0.876546323299408 0.42992284893989563
3.5727243423461914 -0.8238521814346313 0.42935293912887573
3.572739362716675 -0.7843316793441772 0.42892545461654663
3.609755039215088 -0.7655608057975769 0.43310868740081787
3.686694860458374 -0.7545800805091858 0.4013308584690094
3.6477441787719727 -0.7465866208076477 0.4239564538002014
3.725738763809204 -0.7346577644348145 0.41904667019844055
3.8077621459960938 -0.7221627235412598 0.4280271828174591
3.8937578201293945 -0.7093141674995422 0.42308884859085083
3.9377753734588623 -0.6879891753196716 0.4275871515274048
3.501471519470215 -1.8014936447143555 0.496074914932251
3.573397397994995 -1.8384356498718262 0.46680229902267456
3.5364582538604736 -1.7933034896850586 0.48773911595344543
3.57344913482666 -1.7724069356918335 0.4792669117450714
3.5734643936157227 -1.7328754663467407 0.47883927822113037
3.6104772090911865 -1.7239233255386353 0.483538419008255
3.573429822921753 -1.6804516315460205 0.45191487669944763
3.61049222946167 -1.683982014656067 0.48310646414756775
3.5735037326812744 -1.627457618713379 0.4776991903781891
3.5365099906921387 -1.5847935676574707 0.47244182229042053
3.501547336578369 -1.5304913520812988 0.48023077845573425
3.5190792083740234 -1.4816906452178955 0.4864048361778259
3.5735630989074707 -1.4693310260772705 0.47598886489868164
3.610522747039795 -1.4579362869262695 0.4540310800075531
3.5735726356506348 -1.442976713180542 0.4757038950920105
3.6295619010925293 -1.438560128211975 0.46945929527282715
3.6875786781311035 -1.4339361190795898 0.47678321599960327
3.7265658378601074 -1.4214913845062256 0.46781644225120544
3.767603635787964 -1.422800898551941 0.48673713207244873
3.9385812282562256 -1.4429380893707275 0.4794371724128723
3.5727083683013916 -1.1526201963424683 0.48560893535614014
3.572723150253296 -1.1130996942520142 0.4851815104484558
3.5727379322052 -1.0735790729522705 0.4847539961338043
3.5727527141571045 -1.034058690071106 0.4843266010284424
3.572772264480591 -0.9813646078109741 0.4837566614151001
3.5727920532226562 -0.9286705255508423 0.4831866919994354
3.572812080383301 -0.8759764432907104 0.4826167821884155
3.572831869125366 -0.8232823610305786 0.482046902179718
3.5728466510772705 -0.7837617993354797 0.4816194772720337
3.609863519668579 -0.7649849653244019 0.48634880781173706
3.6868057250976562 -0.7539919018745422 0.45570752024650574
3.6478538513183594 -0.7460047006607056 0.47775742411613464
3.725851058959961 -0.7340633869171143 0.47399893403053284
3.8723509311676025 -0.7192032337188721 0.4708266258239746
3.937864065170288 -0.6875180602073669 0.471148282289505
3.5015244483947754 -1.801214337348938 0.5218978524208069
3.610555648803711 -1.803229570388794 0.5376572608947754
3.5365381240844727 -1.7928802967071533 0.5268610119819641
3.573498010635376 -1.7852990627288818 0.5057637691497803
3.6485202312469482 -1.7818663120269775 0.5160016417503357
3.68753981590271 -1.759844183921814 0.521106481552124
3.7265539169311523 -1.7506998777389526 0.5263506770133972
3.7265641689300537 -1.7232164144515991 0.5260534286499023
3.687570095062256 -1.6782567501068115 0.5202240943908691
3.6105990409851074 -1.6169811487197876 0.5223276615142822
3.49290132522583 -1.5262067317962646 0.5305085182189941
3.4900102615356445 -1.477662205696106 0.5338453054428101
3.5366554260253906 -1.4799039363861084 0.5234760642051697
3.573643684387207 -1.4689035415649414 0.515520453453064
3.6106858253479004 -1.4570724964141846 0.5339134335517883
3.5736265182495117 -1.4426919221878052 0.502058207988739
3.610668659210205 -1.4305888414382935 0.520311713218689
3.687690019607544 -1.4333478212356567 0.5311746597290039
3.767683506011963 -1.4362431764602661 0.5285665392875671
3.808671236038208 -1.4236528873443604 0.5200014114379883
3.8946642875671387 -1.4266436100006104 0.517134964466095
3.572788953781128 -1.1521929502487183 0.5251293778419495
3.572798728942871 -1.1258459091186523 0.5248444080352783
3.5728330612182617 -1.0818390846252441 0.5331516861915588
3.535879135131836 -1.0229161977767944 0.5444660782814026
3.572833299636841 -1.0336310863494873 0.5238471031188965
3.5359039306640625 -0.9577315449714661 0.5437610149383545
3.5728695392608643 -0.9852334260940552 0.532106876373291
3.572899580001831 -0.9281007051467896 0.5358806252479553
3.572908639907837 -0.8798452019691467 0.5309670567512512
3.572939395904541 -0.8227124214172363 0.5347408652305603
3.5729665756225586 -0.7743620872497559 0.538609504699707
3.609945297241211 -0.7645531296730042 0.5262788534164429
3.6479363441467285 -0.7455683350563049 0.5181081295013428
3.6869547367095947 -0.7260683178901672 0.5233842730522156
3.8366196155548096 -0.71696537733078 0.5207269787788391
3.8939335346221924 -0.7083825469017029 0.5092369318008423
3.93801212310791 -0.6867328882217407 0.5437501668930054
3.9829623699188232 -0.694595217704773 0.5206239223480225
3.5191450119018555 -1.809457540512085 0.5828160047531128
3.6486423015594482 -1.8215007781982422 0.583707869052887
3.7266125679016113 -1.8189630508422852 0.5683190226554871
3.5191550254821777 -1.7835054397583008 0.5825352668762207
3.726632833480835 -1.763995885848999 0.5677245259284973
3.7266480922698975 -1.7227705717086792 0.5672786235809326
3.726658344268799 -1.695286750793457 0.5669813752174377
3.5736749172210693 -1.600248098373413 0.5564773082733154
3.610734462738037 -1.61626136302948 0.5888961553573608
3.5014171600341797 -1.5249748229980469 0.5791153311729431
3.48976469039917 -1.4770582914352417 0.5767404437065125
3.5732510089874268 -1.4681318998336792 0.5681474208831787
3.610267162322998 -1.4564423561096191 0.5737728476524353
3.6482837200164795 -1.444595217704773 0.5795517563819885
3.686800479888916 -1.4323780536651611 0.585406482219696
3.725789785385132 -1.4199281930923462 0.5775947570800781
3.767273426055908 -1.4217159748077393 0.5700176358222961
3.8077566623687744 -1.4228304624557495 0.5619860291481018
3.9382588863372803 -1.441815972328186 0.5665074586868286
3.5728695392608643 -1.1517653465270996 0.5646499395370483
3.5728793144226074 -1.1254183053970337 0.5643649101257324
3.5359177589416504 -1.0617451667785645 0.5709630250930786
3.5728893280029297 -1.0990712642669678 0.5640798211097717
3.535951852798462 -1.0181946754455566 0.579184353351593
3.5359787940979004 -0.9703455567359924 0.5830128788948059
3.57295560836792 -0.99354088306427 0.5761136412620544
3.535966634750366 -0.9313755631446838 0.5695528984069824
3.5729851722717285 -0.9144997000694275 0.5752586722373962
3.573000192642212 -0.8749791383743286 0.5748312473297119
3.609959363937378 -0.8707457184791565 0.5540505647659302
3.573051929473877 -0.8089691400527954 0.5872923135757446
3.610023260116577 -0.8438377380371094 0.5803828239440918
3.5730667114257812 -0.769448459148407 0.5868648886680603
3.6290411949157715 -0.7412430047988892 0.5689851641654968
3.687037706375122 -0.7256273031234741 0.564166784286499
3.7261030673980713 -0.7327262163162231 0.59764164686203
3.8080484867095947 -0.7206442356109619 0.5684336423873901
3.8940796852111816 -0.7076061367988586 0.5810269117355347
3.9380712509155273 -0.6864187717437744 0.5727909207344055
3.6487245559692383 -1.8210641145706177 0.6240697503089905
3.726724624633789 -1.818368673324585 0.6232860684394836
3.5017528533935547 -1.7871159315109253 0.6315059661865234
3.7267119884490967 -1.7772917747497559 0.6090984344482422
3.767751455307007 -1.7825186252593994 0.6295744776725769
3.7267322540283203 -1.7223247289657593 0.6085038781166077
3.767800807952881 -1.7267961502075195 0.6428665518760681
3.7267425060272217 -1.6948410272598267 0.6082066297531128
3.6107888221740723 -1.6159733533859253 0.6155235171318054
3.5363123416900635 -1.556944489479065 0.6155175566673279
3.5008678436279297 -1.5154783725738525 0.6348470449447632
3.518359422683716 -1.4840843677520752 0.6245769262313843
3.5728583335876465 -1.467360019683838 0.6207634210586548
3.609875440597534 -1.4556680917739868 0.6269347667694092
3.9828853607177734 -1.4571785926818848 0.63168865442276
3.628889560699463 -1.4364327192306519 0.6300309300422668
3.6868836879730225 -1.4319370985031128 0.6261889338493347
3.7258739471435547 -1.4194824695587158 0.6188089847564697
3.766892194747925 -1.4070388078689575 0.6253505349159241
3.57297682762146 -1.1511956453323364 0.6173438429832458
3.5729868412017822 -1.124848484992981 0.6170588731765747
3.5730013847351074 -1.0853279829025269 0.6166313886642456
3.573028326034546 -1.0369774103164673 0.6205002069473267
3.5360536575317383 -0.982959508895874 0.6222648620605469
3.5730462074279785 -0.966766357421875 0.6153490543365479
3.573060989379883 -0.9272458553314209 0.6149216294288635
3.5730807781219482 -0.8745517134666443 0.6143518090248108
3.573107957839966 -0.826201319694519 0.6182204484939575
3.5731470584869385 -0.7690210342407227 0.6263854503631592
3.629149913787842 -0.7406657934188843 0.622365415096283
3.72615909576416 -0.7324290871620178 0.6251177787780762
3.7671804428100586 -0.7124189734458923 0.6317288279533386
3.8296451568603516 -0.7099062204360962 0.6138660311698914
3.8512141704559326 -0.699316680431366 0.6455751061439514
3.9381601810455322 -0.6859477758407593 0.616351842880249
3.7678282260894775 -1.879169225692749 0.6861985325813293
3.8733372688293457 -1.8811167478561401 0.6906719207763672
3.5738375186920166 -1.8098009824752808 0.677352249622345
3.894864797592163 -1.826907992362976 0.6938246488571167
3.501840114593506 -1.7995386123657227 0.6768358945846558
3.8087918758392334 -1.7874397039413452 0.6503498554229736
3.8938755989074707 -1.7977293729782104 0.6933349967002869
3.8508780002593994 -1.749761939048767 0.6853384375572205
3.725864887237549 -1.6663227081298828 0.6626977324485779
3.7669293880462646 -1.6840757131576538 0.6978018283843994
3.6099514961242676 -1.6146690845489502 0.6952124834060669
3.5358917713165283 -1.556304931640625 0.6545430421829224
3.5009684562683105 -1.5278279781341553 0.6866178512573242
3.5184543132781982 -1.4771397113800049 0.6698782444000244
3.5729660987854004 -1.4667901992797852 0.6734573841094971
3.6099841594696045 -1.455092430114746 0.6801748275756836
3.648003101348877 -1.443237066268921 0.6870759129524231
3.68696665763855 -1.4314961433410645 0.6669714450836182
3.7259860038757324 -1.4188882112503052 0.673761248588562
3.766977071762085 -1.406588077545166 0.667018711566925
3.8940155506134033 -1.4244205951690674 0.6892974376678467
3.9379658699035645 -1.4405368566513062 0.6680795550346375
3.573084592819214 -1.1506255865097046 0.6700378060340881
3.573094367980957 -1.1242786645889282 0.669752836227417
3.536130666732788 -1.0606173276901245 0.6752586960792542
3.5730984210968018 -1.0891966819763184 0.6649817824363708
3.5361404418945312 -1.0345432758331299 0.6749767065048218
3.5731215476989746 -1.0277202129364014 0.6643167734146118
3.573148727416992 -0.9793699979782104 0.6681855320930481
3.5731682777404785 -0.9266759157180786 0.6676155924797058
3.573188066482544 -0.8739819526672363 0.6670457720756531
3.57318115234375 -0.8214302659034729 0.6533023715019226
3.610245704650879 -0.8293761014938354 0.6867190003395081
3.5731959342956543 -0.7819096446037292 0.6528748273849487
3.622586488723755 -0.7743111252784729 0.6795758605003357
3.6477651596069336 -0.7437244653701782 0.6794158816337585
3.6867873668670654 -0.7242095470428467 0.6864187717437744
3.726215124130249 -0.7321318984031677 0.6525938510894775
3.7667653560638428 -0.7118773460388184 0.6733051538467407
3.8502719402313232 -0.698835015296936 0.6737979054450989
3.9372785091400146 -0.6851522326469421 0.6742613315582275
3.7669131755828857 -1.8782267570495605 0.7276837825775146
3.8511672019958496 -1.8772168159484863 0.7293652296066284
3.836590528488159 -1.8183504343032837 0.7212453484535217
3.5184450149536133 -1.7727501392364502 0.7229486703872681
3.572927951812744 -1.7825273275375366 0.7163973450660706
3.72599196434021 -1.7753360271453857 0.7463150024414062
3.836627721786499 -1.7710225582122803 0.7302008271217346
3.893934488296509 -1.7974188327789307 0.7220510840415955
3.7260074615478516 -1.7341219186782837 0.7458691596984863
3.850994110107422 -1.749147891998291 0.742135763168335
3.6100494861602783 -1.6407134532928467 0.7487404346466064
3.5360512733459473 -1.5554590225219727 0.732764720916748
3.573024034500122 -1.597955584526062 0.7275761365890503
3.501052141189575 -1.5145013332366943 0.7252017259597778
3.51857852935791 -1.4634711742401123 0.728145182132721
3.610065221786499 -1.454660415649414 0.7201050519943237
3.5731101036071777 -1.4397308826446533 0.7390398383140564
3.648085355758667 -1.442800760269165 0.7274265289306641
3.687077760696411 -1.4309080839157104 0.7213480472564697
3.72609806060791 -1.418293833732605 0.7287135720252991
3.8080713748931885 -1.4211599826812744 0.7164332270622253
3.938084602355957 -1.4399086236953735 0.726161003112793
3.5731918811798096 -1.1500558853149414 0.7227317690849304
3.573201894760132 -1.123708724975586 0.7224469184875488
3.5732059478759766 -1.0886269807815552 0.7176756262779236
3.610259532928467 -1.0816911458969116 0.7426943182945251
3.5732364654541016 -1.031494140625 0.7214494943618774
3.573256015777588 -0.9788001775741577 0.7208794951438904
3.5732758045196533 -0.9261061549186707 0.7203096747398376
3.5727956295013428 -0.8732935190200806 0.7196367979049683
3.5723369121551514 -0.8335230946540833 0.7322799563407898
3.6093192100524902 -0.824334442615509 0.7219634056091309
3.6283533573150635 -0.7794395089149475 0.7297790050506592
3.6473748683929443 -0.743044376373291 0.7331104278564453
3.6863698959350586 -0.723673939704895 0.7270985841751099
3.725337028503418 -0.7038794755935669 0.7070583701133728
3.766406774520874 -0.7110355496406555 0.7426457405090332
3.893371820449829 -0.7058786153793335 0.7244200110435486
3.9823811054229736 -0.6922044157981873 0.7260505557060242
3.7669801712036133 -1.8501474857330322 0.7551620006561279
3.5730793476104736 -1.8080196380615234 0.7957232594490051
3.7669906616210938 -1.8223685026168823 0.7548615336418152
3.5185203552246094 -1.7939488887786865 0.7641866207122803
3.57303524017334 -1.7819573879241943 0.7690913081169128
3.6226911544799805 -1.7708848714828491 0.7616462707519531
3.635380506515503 -1.7234057188034058 0.7636626958847046
3.7670323848724365 -1.7112536430358887 0.7536597847938538
3.6227426528930664 -1.6817753314971924 0.76951003074646
3.6101040840148926 -1.6404253244400024 0.7753605246543884
3.5361311435699463 -1.5550360679626465 0.7718756794929504
3.5731313228607178 -1.5973857641220093 0.7802700996398926
3.5361411571502686 -1.5289620161056519 0.7715936899185181
3.5186715126037598 -1.4737558364868164 0.7758705615997314
3.6102283000946045 -1.4537967443466187 0.7999652028083801
3.5731639862060547 -1.4394458532333374 0.7653868794441223
3.648167848587036 -1.4423643350601196 0.7677773237228394
3.6871888637542725 -1.4303197860717773 0.7757247090339661
3.726181983947754 -1.4178482294082642 0.7699279189109802
3.8081860542297363 -1.4205526113510132 0.7725958228111267
3.9381730556488037 -1.439437747001648 0.7697219848632812
3.6483311653137207 -1.0790612697601318 0.7772998809814453
3.64737606048584 -0.9577535390853882 0.7757770419120789
3.6093733310699463 -0.9214346408843994 0.7673733830451965
3.572375535964966 -0.8727476596832275 0.7590469121932983
3.5723910331726074 -0.8332382440567017 0.7586195468902588
3.6094131469726562 -0.8149837851524353 0.7662220001220703
3.6474416255950928 -0.782947838306427 0.7738864421844482
3.6864707469940186 -0.7502670288085938 0.7817544341087341
3.7254390716552734 -0.7307541966438293 0.7622930407524109
3.766509771347046 -0.7382062673568726 0.7984887957572937
3.8074777126312256 -0.718184769153595 0.7788383364677429
3.85044527053833 -0.6979137659072876 0.7589717507362366
3.5731327533721924 -1.8077346086502075 0.8220702409744263
3.6291308403015137 -1.809051513671875 0.8214048743247986
3.4836244583129883 -1.7886396646499634 0.8144552707672119
3.5361759662628174 -1.7889968156814575 0.8395984768867493
3.648118734359741 -1.7916350364685059 0.8119104504585266
3.6871721744537354 -1.7695865631103516 0.8337770700454712
3.6481714248657227 -1.7242382764816284 0.8246333003044128
3.629180908203125 -1.6751798391342163 0.8199569582939148
3.6101582050323486 -1.6401375532150269 0.8019806742668152
3.5362377166748047 -1.5544720888137817 0.8240235447883606
3.573212146759033 -1.5969582796096802 0.8197906613349915
3.5012362003326416 -1.513524055480957 0.8155563473701477
3.518758773803711 -1.4754607677459717 0.8191567659378052
3.6102826595306396 -1.4535090923309326 0.8265851736068726
3.687317132949829 -1.456773042678833 0.8439895510673523
3.648249864578247 -1.4419280290603638 0.8081280589103699
3.6872718334198 -1.4298787117004395 0.8165072798728943
3.7672781944274902 -1.4327144622802734 0.8201020956039429
3.808300733566284 -1.419945240020752 0.8287586569786072
3.89430832862854 -1.422867774963379 0.8328775763511658
3.9382617473602295 -1.4389663934707642 0.8132832646369934
3.6474766731262207 -0.8364434242248535 0.8013612031936646
3.6865055561065674 -0.8043351173400879 0.8095232248306274
3.6865158081054688 -0.7771540880203247 0.8092291951179504
3.7255403995513916 -0.757628858089447 0.8175276517868042
3.807581663131714 -0.7456516027450562 0.8352896571159363
3.893566370010376 -0.7335007190704346 0.8252107501029968
3.726228713989258 -1.8152130842208862 0.8704033493995667
3.483757972717285 -1.7814911603927612 0.8786016702651978
3.536228895187378 -1.7887147665023804 0.8656723499298096
3.573277473449707 -1.7806751728057861 0.8876528143882751
3.6102073192596436 -1.799282431602478 0.8569482564926147
3.687260150909424 -1.7555513381958008 0.8744126558303833
3.6482861042022705 -1.710206151008606 0.8782888054847717
3.648268699645996 -1.6834509372711182 0.8645476698875427
3.687318801879883 -1.6738393306732178 0.8871245980262756
3.629310131072998 -1.6211503744125366 0.8728995323181152
3.5733561515808105 -1.569899082183838 0.8853731751441956
3.53635835647583 -1.5147972106933594 0.8757482767105103
3.5363733768463135 -1.4756861925125122 0.8753253221511841
3.573369026184082 -1.4646531343460083 0.8710598349571228
3.6103641986846924 -1.4530771970748901 0.8665153384208679
3.6874003410339355 -1.4563320875167847 0.8847721815109253
3.726367950439453 -1.4442845582962036 0.8663914799690247
3.7673914432525635 -1.432113766670227 0.8756595849990845
3.808415412902832 -1.4193378686904907 0.8849212527275085
3.8943960666656494 -1.422402024269104 0.8759516477584839
3.6873507499694824 -1.809340000152588 0.9293773174285889
3.7263076305389404 -1.8285056352615356 0.9117662906646729
3.483865261077881 -1.7744816541671753 0.9299048185348511
3.5733578205108643 -1.7802478075027466 0.927173376083374
3.687338352203369 -1.7687045335769653 0.9153421521186829
3.687358856201172 -1.7143276929855347 0.9147540330886841
3.7264046669006348 -1.7183036804199219 0.9380537271499634
3.726414918899536 -1.690827488899231 0.9377565383911133
3.648426055908203 -1.628922700881958 0.9312168955802917
3.5364768505096436 -1.5532031059265137 0.9413561224937439
3.573436737060547 -1.5694715976715088 0.9248935580253601
3.518953323364258 -1.5198395252227783 0.923363447189331
3.5187180042266846 -1.4807543754577637 0.9229395985603333
3.5730032920837402 -1.4637395143508911 0.936793863773346
3.622797966003418 -1.4662973880767822 0.9185201525688171
3.6864829063415527 -1.455502986907959 0.9253026843070984
3.725979804992676 -1.4434996843338013 0.9212179780006409
3.7670044898986816 -1.4313263893127441 0.9310912489891052
3.8075008392333984 -1.4185165166854858 0.926798939704895
3.894484043121338 -1.42193603515625 0.9190255403518677
3.687433958053589 -1.80889892578125 0.9701599478721619
3.4897897243499756 -1.7726653814315796 0.9743396639823914
3.5734384059906006 -1.779820442199707 0.9666937589645386
3.6874165534973145 -1.7818576097488403 0.9562717080116272
3.726439952850342 -1.7729588747024536 0.9661241173744202
3.7674643993377686 -1.7644076347351074 0.9764906167984009
3.767474889755249 -1.7366291284561157 0.9761901497840881
3.726470947265625 -1.6905303001403809 0.9652326703071594
3.648508071899414 -1.6284862756729126 0.9715677499771118
3.535555839538574 -1.5523481369018555 0.98018878698349
3.5355706214904785 -1.513248324394226 0.9797658324241638
3.5355851650238037 -1.4741483926773071 0.9793429970741272
3.5725836753845215 -1.463111162185669 0.9761735200881958
3.6095807552337646 -1.4515305757522583 0.9727250933647156
3.686566114425659 -1.455061912536621 0.9660739898681641
3.7256040573120117 -1.4335094690322876 0.9805123805999756
3.766589879989624 -1.4306892156600952 0.9726261496543884
3.807587146759033 -1.4180608987808228 0.9689096808433533
3.8936007022857666 -1.4209566116333008 0.9762060642242432
3.9375579357147217 -1.4370378255844116 0.9582425951957703
3.6875624656677246 -1.8353520631790161 1.0384246110916138
3.767523765563965 -1.8334040641784668 1.0189099311828613
3.8085601329803467 -1.8202683925628662 1.0343613624572754
3.475295066833496 -1.7691503763198853 1.0172698497772217
3.536557912826538 -1.760948896408081 1.021833896636963
3.572582483291626 -1.7522776126861572 1.0319865942001343
3.8083200454711914 -1.7687228918075562 1.0290555953979492
3.4830942153930664 -1.7215096950531006 1.0318623781204224
3.535629987716675 -1.7080432176589966 1.0470467805862427
3.572596788406372 -1.7127681970596313 1.0315589904785156
3.7670702934265137 -1.7081761360168457 1.0174206495285034
3.535645008087158 -1.6689430475234985 1.046623945236206
3.5726118087768555 -1.6732587814331055 1.0311317443847656
3.5356645584106445 -1.6168100833892822 1.0460599660873413
3.5726218223571777 -1.6469191312789917 1.0308468341827393
3.6096465587615967 -1.637100100517273 1.0412718057632446
3.686605453491211 -1.644741177558899 1.022493839263916
3.535667896270752 -1.560426115989685 1.0367604494094849
3.572641611099243 -1.5942397117614746 1.030277132987976
3.5356767177581787 -1.5126844644546509 1.031898856163025
3.535691738128662 -1.473584532737732 1.0314761400222778
3.628692626953125 -1.471764326095581 1.0315132141113281
3.6866493225097656 -1.4546211957931519 1.0068453550338745
3.647688388824463 -1.4392129182815552 1.0230506658554077
3.6867151260375977 -1.4271461963653564 1.0337324142456055
3.725680351257324 -1.4285353422164917 1.0170878171920776
3.807701349258423 -1.4174537658691406 1.0250577926635742
3.8936591148376465 -1.4206461906433105 1.004914402961731
3.9377355575561523 -1.4360958337783813 1.0453429222106934
3.7676033973693848 -1.8468430042266846 1.0607280731201172
3.807629346847534 -1.8381084203720093 1.071723222732544
3.4306514263153076 -1.7586883306503296 1.0675235986709595
3.4656505584716797 -1.7509620189666748 1.065400242805481
3.7666239738464355 -1.7908166646957397 1.059844970703125
3.8076555728912354 -1.7679234743118286 1.070963978767395
3.483172655105591 -1.7210932970046997 1.0703811645507812
3.807671546936035 -1.725812315940857 1.0705087184906006
3.5182011127471924 -1.6668450832366943 1.07388436794281
3.518242359161377 -1.6277986764907837 1.0864322185516357
3.5357635021209717 -1.5642536878585815 1.0845959186553955
3.535778522491455 -1.5251539945602417 1.0841730833053589
3.5357930660247803 -1.4860540628433228 1.0837503671646118
3.572798490524292 -1.4619717597961426 1.0815321207046509
3.622457981109619 -1.4642987251281738 1.0785890817642212
3.6867878437042236 -1.4538862705230713 1.0747977495193481
3.7258152961730957 -1.441527009010315 1.08590829372406
3.766787528991699 -1.429638147354126 1.0698257684707642
3.8077869415283203 -1.416998267173767 1.0671685934066772
3.5182571411132812 -1.7636513710021973 1.1203594207763672
3.5357797145843506 -1.7332639694213867 1.125528335571289
3.5007739067077637 -1.6905475854873657 1.1140713691711426
3.4891209602355957 -1.6334669589996338 1.1097890138626099
3.5183253288269043 -1.5820891857147217 1.1183955669403076
3.572866439819336 -1.566760540008545 1.1353507041931152
3.535858154296875 -1.524731159210205 1.1232727766036987
3.5358729362487793 -1.4856311082839966 1.122849941253662
3.5728793144226074 -1.4615445137023926 1.1210414171218872
3.6869266033172607 -1.4531514644622803 1.1427501440048218
3.628866195678711 -1.4441440105438232 1.111412525177002
3.7258994579315186 -1.4410815238952637 1.1271114349365234
3.7668726444244385 -1.4291876554489136 1.1114826202392578
3.850863218307495 -1.4324040412902832 1.107650876045227
3.572934865951538 -1.5269663333892822 1.1612629890441895
3.7259912490844727 -1.4954251050949097 1.182643175125122
3.93798565864563 -1.478232979774475 1.1764639616012573
3.80796217918396 -1.8643606901168823 1.2404704093933105
3.8079726696014404 -1.8362867832183838 1.2401667833328247
3.9381065368652344 -1.5500314235687256 1.249832034111023
3.9380581378936768 -1.5213122367858887 1.2204848527908325
3.7260043621063232 -1.9065662622451782 1.2695059776306152
3.7670018672943115 -1.9135353565216064 1.269481897354126
3.8079984188079834 -1.9202051162719727 1.2691518068313599
3.687040328979492 -1.8865776062011719 1.2833586931228638
3.7260706424713135 -1.8788002729415894 1.296677589416504
3.7670459747314453 -1.8717280626296997 1.282916784286499
3.8295445442199707 -1.8742847442626953 1.2827457189559937
3.8725779056549072 -1.82375168800354 1.289323091506958
3.8941104412078857 -1.7763996124267578 1.2958821058273315
3.894137144088745 -1.7046282291412354 1.2951058149337769
3.8941478729248047 -1.6759194135665894 1.2947955131530762
3.8941638469696045 -1.6328566074371338 1.2943296432495117
3.872633695602417 -1.571791648864746 1.2676150798797607
3.9381656646728516 -1.5497174263000488 1.2788656949996948
3.9831695556640625 -1.537928819656372 1.2785223722457886
3.6871232986450195 -1.886136531829834 1.3241300582885742
3.7261266708374023 -1.8785030841827393 1.3241465091705322
3.7671308517456055 -1.8712774515151978 1.3245738744735718
3.8296215534210205 -1.859787106513977 1.3178441524505615
3.76716947555542 -1.8433557748794556 1.3381589651107788
3.8296375274658203 -1.8174383640289307 1.317386269569397
3.8726749420166016 -1.770972490310669 1.3267701864242554
3.9381487369537354 -1.752637505531311 1.3100968599319458
3.8941903114318848 -1.7186719179153442 1.323969841003418
3.938235282897949 -1.679740071296692 1.3383452892303467
3.9382517337799072 -1.6361899375915527 1.337874174118042
3.8942384719848633 -1.5894829034805298 1.3225724697113037
3.937748670578003 -1.5635660886764526 1.3224023580551147
3.9372832775115967 -1.548702597618103 1.3365917205810547
3.9822590351104736 -1.537073016166687 1.322237253189087
3.687239646911621 -1.8719582557678223 1.378345012664795
3.726208448410034 -1.8597944974899292 1.360573410987854
3.726259469985962 -1.8229713439941406 1.3784897327423096
3.76725172996521 -1.824440836906433 1.3749873638153076
3.808227777481079 -1.81625497341156 1.361617922782898
3.829768419265747 -1.7745578289031982 1.373394250869751
3.8942325115203857 -1.7614246606826782 1.3531440496444702
3.872286796569824 -1.7297790050506592 1.3737096786499023
3.9373230934143066 -1.6788489818572998 1.381543517112732
3.937345266342163 -1.620796799659729 1.3809154033660889
3.937361240386963 -1.577257752418518 1.3804446458816528
3.9373722076416016 -1.5482317209243774 1.380130648612976
3.982348680496216 -1.5365967750549316 1.366274356842041
3.6478219032287598 -1.8650342226028442 1.4174580574035645
3.6873276233673096 -1.8579267263412476 1.4189696311950684
3.6220428943634033 -1.833835482597351 1.4382853507995605
3.725587844848633 -1.8358964920043945 1.4195537567138672
3.7663772106170654 -1.8140579462051392 1.4346765279769897
3.807326316833496 -1.8059232234954834 1.4079357385635376
3.766387701034546 -1.7862941026687622 1.4343761205673218
3.807370901107788 -1.7636715173721313 1.4215136766433716
3.8718981742858887 -1.717139720916748 1.4257333278656006
3.8934109210968018 -1.6740988492965698 1.4236176013946533
3.8934266567230225 -1.6310468912124634 1.4231518507003784
3.8934481143951416 -1.5736440420150757 1.4225308895111084
3.893493890762329 -1.5304369926452637 1.4364157915115356
3.9374608993530273 -1.5477609634399414 1.4236698150634766
3.982468366622925 -1.5359617471694946 1.4249905347824097
3.6094396114349365 -1.831589937210083 1.4688252210617065
3.686448097229004 -1.8296682834625244 1.4726366996765137
3.7254421710968018 -1.8306528329849243 1.46975576877594
3.517934560775757 -1.785441517829895 1.4574106931686401
3.5724844932556152 -1.773285150527954 1.4796292781829834
3.609454393386841 -1.7916820049285889 1.4683935642242432
3.725477933883667 -1.7847845554351807 1.478414535522461
3.7664778232574463 -1.7719616889953613 1.4758720397949219
3.8074567317962646 -1.7632161378860474 1.4636136293411255
3.8332996368408203 -1.7324860095977783 1.478650450706482
3.8648364543914795 -1.6802641153335571 1.4702895879745483
3.8935439586639404 -1.6304259300231934 1.4805545806884766
3.8935539722442627 -1.577858567237854 1.4752017259597778
3.9375667572021484 -1.527886986732483 1.471836805343628
3.6865692138671875 -1.8019068241119385 1.5266900062561035
3.725538969039917 -1.8210039138793945 1.515425443649292
3.686579465866089 -1.7747331857681274 1.5263960361480713
3.7255542278289795 -1.7798118591308594 1.5149800777435303
3.7665677070617676 -1.7576295137405396 1.517367959022522
3.686589479446411 -1.7475597858428955 1.5261021852493286
3.72562575340271 -1.7383224964141846 1.5419957637786865
3.8219387531280518 -1.726736068725586 1.5296506881713867
3.8506007194519043 -1.6736328601837158 1.5168589353561401
3.8721179962158203 -1.6210193634033203 1.5151684284210205
3.893653392791748 -1.5725575685501099 1.522985577583313
3.9376280307769775 -1.5758451223373413 1.511061668395996
3.9376683235168457 -1.5466622114181519 1.5252606868743896
3.7666633129119873 -1.729414939880371 1.558713436126709
3.8291919231414795 -1.7154344320297241 1.5699995756149292
3.8421247005462646 -1.6729568243026733 1.5776691436767578
3.893674373626709 -1.6727019548416138 1.552773118019104
3.8722171783447266 -1.6276556253433228 1.5650765895843506
3.872246265411377 -1.5752228498458862 1.569293737411499
3.93778657913208 -1.546034336090088 1.5833125114440918
3.893834114074707 -1.5572757720947266 1.608933925628662
3.8938448429107666 -1.5285745859146118 1.6086236238479614
3.9828877449035645 -1.5337392091751099 1.6304972171783447
1.7330111265182495 0.41446053981781006 -0.6520567536354065
1.5750600099563599 0.5419979095458984 -0.6527031064033508
2.100062131881714 0.5327457189559937 -0.6505314111709595
2.1660513877868652 0.5265517234802246 -0.654671311378479
1.5798583030700684 0.5678807497024536 -0.6515755653381348
1.6745768785476685 0.5721982717514038 -0.650451123714447
1.7728222608566284 0.5685672760009766 -0.6521324515342712
1.8195765018463135 0.581063985824585 -0.6524522304534912
2.1130638122558594 0.5595925450325012 -0.6547980308532715
1.587843894958496 0.628656268119812 -0.6529675126075745
1.6248892545700073 0.6129618883132935 -0.6522442698478699
1.6818921566009521 0.6219791173934937 -0.6525617241859436
1.7285953760147095 0.6300826072692871 -0.6527135372161865
1.7709951400756836 0.6292881369590759 -0.6527765989303589
1.8291919231414795 0.6187189817428589 -0.6522263288497925
1.878098487854004 0.639044463634491 -0.6530510187149048
1.9150985479354858 0.6311192512512207 -0.651520311832428
1.9580990076065063 0.6316177845001221 -0.6515026092529297
2.0031020641326904 0.6395343542098999 -0.65157151222229
1.5874308347702026 0.6693636775016785 -0.6591272950172424
1.6228218078613281 0.6628713607788086 -0.6529839634895325
1.682608962059021 0.6743403673171997 -0.6546227335929871
1.7331093549728394 0.6764993071556091 -0.6548908352851868
1.768109917640686 0.6778154969215393 -0.6548929214477539
1.8241080045700073 0.6733933687210083 -0.6550266146659851
1.879777193069458 0.6742547154426575 -0.6540030837059021
1.915114402770996 0.6734959483146667 -0.651978611946106
1.9581151008605957 0.6749464273452759 -0.6519712209701538
2.003115653991699 0.6764718890190125 -0.6519710421562195
1.622790813446045 0.7248851656913757 -0.6568389534950256
1.6802713871002197 0.726488471031189 -0.655169665813446
1.7288720607757568 0.7193840742111206 -0.6569204330444336
1.7681268453598022 0.7234579920768738 -0.6553866267204285
1.8163217306137085 0.7172377705574036 -0.6567907333374023
1.878288745880127 0.7267454862594604 -0.6586379408836365
1.9176316261291504 0.7239425778388977 -0.6533628106117249
1.9581286907196045 0.7110536694526672 -0.6523618102073669
2.003129482269287 0.713409423828125 -0.6523705720901489
1.623144268989563 0.7748743891716003 -0.6568349599838257
1.680647373199463 0.772658109664917 -0.6549268960952759
1.7481342554092407 0.7728212475776672 -0.6615170836448669
1.7711398601531982 0.7639427185058594 -0.6569192409515381
1.805145025253296 0.7726003527641296 -0.6561044454574585
1.8701342344284058 0.7693540453910828 -0.6608559489250183
1.9281401634216309 0.7847883701324463 -0.6610539555549622
1.9691473245620728 0.7805604338645935 -0.6567215919494629
2.390160322189331 0.7961598634719849 -0.6539135575294495
1.597168207168579 0.8150983452796936 -0.652878999710083
1.6240220069885254 0.8275080323219299 -0.6568971276283264
1.6783223152160645 0.8230456113815308 -0.6607699990272522
1.733156681060791 0.825507402420044 -0.6607317924499512
1.7961441278457642 0.8236652612686157 -0.6666877865791321
1.827949047088623 0.8272043466567993 -0.6647904515266418
1.8564870357513428 0.8205713629722595 -0.6612820625305176
1.9183207750320435 0.8231307864189148 -0.6616957783699036
1.977656602859497 0.8204435110092163 -0.6599408984184265
2.0331597328186035 0.8258485794067383 -0.6594225168228149
2.236154079437256 0.8250354528427124 -0.66229647397995
2.2801690101623535 0.8419910073280334 -0.6584668755531311
2.3261537551879883 0.8252867460250854 -0.662717342376709
1.597185730934143 0.8622130751609802 -0.6533885598182678
1.6311875581741333 0.875241756439209 -0.655160129070282
1.6711851358413696 0.8741707801818848 -0.6560928225517273
1.7256749868392944 0.8705734610557556 -0.6605021357536316
1.7961629629135132 0.8744465112686157 -0.6672371029853821
1.829167127609253 0.8776370882987976 -0.6658210754394531
1.8631688356399536 0.874085545539856 -0.6641952395439148
1.9257627725601196 0.8675035834312439 -0.6660922765731812
1.9806698560714722 0.8801376819610596 -0.6651816964149475
2.0695013999938965 0.8753513097763062 -0.665107011795044
2.126180410385132 0.8925411105155945 -0.6623751521110535
2.382178783416748 0.8811690211296082 -0.661439061164856
1.6889437437057495 0.9136536717414856 -0.6596301794052124
1.737697958946228 0.9217900037765503 -0.6592191457748413
1.7936842441558838 0.9260790944099426 -0.6668831706047058
1.8275189399719238 0.9240487813949585 -0.6657270789146423
1.8681844472885132 0.9246259927749634 -0.6664925217628479
1.9096810817718506 0.9177770018577576 -0.6668628454208374
1.9691722393035889 0.9256443977355957 -0.6728163957595825
2.0271806716918945 0.9260801076889038 -0.6686986088752747
2.0961804389953613 0.9258061051368713 -0.6690223813056946
2.130523681640625 0.9258778095245361 -0.6640611290931702
2.1866886615753174 0.9269840121269226 -0.6651211380958557
2.2211644649505615 0.9174431562423706 -0.675315260887146
2.280172348022461 0.9427247643470764 -0.6763777732849121
2.3901638984680176 0.9017558097839355 -0.672688901424408
2.4401800632476807 0.9213885068893433 -0.6687157154083252
2.4581944942474365 0.9375521540641785 -0.6646641492843628
1.7772079706192017 0.9566546678543091 -0.6611930131912231
1.8401942253112793 0.9713583588600159 -0.670767605304718
1.869868516921997 0.9738239645957947 -0.6676081418991089
1.9151995182037354 0.9770426154136658 -0.6693888902664185
1.9636939764022827 0.9736335873603821 -0.6714910268783569
2.0291965007781982 0.9773154854774475 -0.6709790229797363
2.0961978435516357 0.9721606373786926 -0.6695237755775452
2.1716010570526123 0.9698504209518433 -0.667428195476532
2.257697343826294 0.97475665807724 -0.6701744794845581
2.3293943405151367 0.9672673344612122 -0.6703248620033264
2.357210397720337 0.9758646488189697 -0.6643714904785156
2.4072265625 0.9973397850990295 -0.6606618165969849
1.843202829360962 1.0001531839370728 -0.6721515655517578
1.8837220668792725 1.0160163640975952 -0.6659220457077026
1.915212869644165 1.0123564004898071 -0.6697708964347839
1.9692103862762451 1.0273128747940063 -0.6739161014556885
2.0200142860412598 1.015896201133728 -0.6698946952819824
2.087880849838257 1.0295486450195312 -0.6726071834564209
2.1132075786590576 1.0270286798477173 -0.6754422783851624
2.168809652328491 1.0228692293167114 -0.6735785007476807
2.207216501235962 1.0335912704467773 -0.6723929047584534
2.2652132511138916 1.0282397270202637 -0.672936201095581
2.3262131214141846 1.031118631362915 -0.6735633611679077
2.3795480728149414 1.020436406135559 -0.6710248589515686
2.440220355987549 1.0293891429901123 -0.6698839068412781
2.4582433700561523 1.0192484855651855 -0.6564801931381226
1.947237253189087 1.0586121082305908 -0.6668763160705566
1.9582266807556152 1.050305724143982 -0.6704756021499634
2.0062310695648193 1.0694570541381836 -0.6719821691513062
2.084373712539673 1.0761481523513794 -0.6734570264816284
2.1686367988586426 1.0772048234939575 -0.6708692312240601
2.207225799560547 1.0580122470855713 -0.6726570129394531
2.2752246856689453 1.074893593788147 -0.6763516664505005
2.334226131439209 1.0777746438980103 -0.6763377785682678
2.3902266025543213 1.0692514181137085 -0.6745003461837769
2.466979742050171 1.068224310874939 -0.6729000210762024
2.530231237411499 1.0872362852096558 -0.6760489344596863
2.0664963722229004 1.1139590740203857 -0.6731089353561401
2.112248659133911 1.1355856657028198 -0.6763030290603638
2.1659131050109863 1.1333606243133545 -0.6771122217178345
2.2065837383270264 1.1227843761444092 -0.673158586025238
2.2802419662475586 1.1277371644973755 -0.678378701210022
2.3365747928619385 1.1219550371170044 -0.6774774789810181
2.4072365760803223 1.121443748474121 -0.679762601852417
2.4582438468933105 1.1187835931777954 -0.6756918430328369
2.5302417278289795 1.1152328252792358 -0.6763517260551453
2.566270589828491 1.1411617994308472 -0.6671165227890015
2.1122546195983887 1.1511651277542114 -0.6764715313911438
2.1652615070343018 1.1729321479797363 -0.6773362755775452
2.2202632427215576 1.1790416240692139 -0.6778461337089539
2.2642669677734375 1.1697341203689575 -0.6741753220558167
2.335927724838257 1.1733198165893555 -0.6778439283370972
2.406257152557373 1.1742141246795654 -0.6800571084022522
2.468590497970581 1.1690837144851685 -0.6790149807929993
2.547245740890503 1.1510956287384033 -0.6811861991882324
2.5662498474121094 1.1882821321487427 -0.6865582466125488
2.605264663696289 1.1781411170959473 -0.6774299144744873
2.2062811851501465 1.2039790153503418 -0.673937201499939
2.274282217025757 1.2253472805023193 -0.6776877641677856
2.3359475135803223 1.2250888347625732 -0.6784038543701172
2.4062774181365967 1.227461576461792 -0.680633008480072
2.4687962532043457 1.223914623260498 -0.6705042719841003
2.538273572921753 1.2124296426773071 -0.6794954538345337
2.5757992267608643 1.2309538125991821 -0.6705023646354675
2.341294765472412 1.2710833549499512 -0.6804144978523254
2.3893096446990967 1.2890892028808594 -0.6766017079353333
2.406294107437134 1.2718346118927002 -0.6811128258705139
2.46897292137146 1.266453742980957 -0.6740292906761169
2.3893163204193115 1.3067128658294678 -0.6767924427986145
2.430835008621216 1.321088433265686 -0.6704836487770081
2.4629933834075928 1.3117412328720093 -0.6729913949966431
2.3107101917266846 -0.6117711067199707 -0.6003885865211487
2.6066999435424805 -0.6377900838851929 -0.6005933880805969
2.686729669570923 -0.5671228170394897 -0.6000961661338806
2.795717239379883 -0.5785049796104431 -0.6038320660591125
2.8177177906036377 -0.5516612529754639 -0.6089026927947998
1.561746597290039 -0.5106817483901978 -0.6014329791069031
1.6917474269866943 -0.5067443251609802 -0.6018670797348022
1.7247506380081177 -0.5032457113265991 -0.6009784936904907
1.8437318801879883 -0.5492796897888184 -0.6013383269309998
2.310742139816284 -0.5265306234359741 -0.6013104915618896
2.380075454711914 -0.5238136053085327 -0.6019138693809509
2.4587390422821045 -0.5218625664710999 -0.6037888526916504
2.7957446575164795 -0.5063087940216064 -0.6046128273010254
2.817725419998169 -0.5308713912963867 -0.6091275215148926
1.4584217071533203 -0.47990772128105164 -0.6029922962188721
1.5337677001953125 -0.45121628046035767 -0.6025537848472595
1.5774277448654175 -0.47079095244407654 -0.6020517349243164
1.72701096534729 -0.4719925820827484 -0.6021043658256531
1.7782621383666992 -0.47838878631591797 -0.6002323031425476
1.8437607288360596 -0.4722041189670563 -0.6021720170974731
1.8910887241363525 -0.47881019115448 -0.6036733388900757
1.9367585182189941 -0.4681664705276489 -0.60414057970047
1.9807593822479248 -0.47072887420654297 -0.6032810807228088
2.027754306793213 -0.4885799288749695 -0.6025022268295288
2.07576060295105 -0.47637423872947693 -0.6016454696655273
2.126770496368408 -0.4558693468570709 -0.6010212302207947
2.180773973464966 -0.4505000710487366 -0.6003093123435974
2.258260726928711 -0.4611690938472748 -0.6049474477767944
2.316091537475586 -0.47638222575187683 -0.6032480001449585
2.3907554149627686 -0.4730859398841858 -0.6051737666130066
2.4587526321411133 -0.48558199405670166 -0.6041812300682068
2.6867592334747314 -0.4878308176994324 -0.6009537577629089
2.707759141921997 -0.4614666998386383 -0.6059569120407104
2.7957561016082764 -0.4753677546977997 -0.604947566986084
1.4766074419021606 -0.4283786118030548 -0.6038373708724976
1.514678955078125 -0.4258173406124115 -0.6019431352615356
1.57622230052948 -0.42527955770492554 -0.6027200818061829
1.629978895187378 -0.4251229166984558 -0.6022693514823914
1.6752811670303345 -0.41556233167648315 -0.6030730605125427
1.7315263748168945 -0.4221099317073822 -0.6042194366455078
1.7799831628799438 -0.4296245872974396 -0.6035546064376831
1.810278058052063 -0.41304776072502136 -0.6051796078681946
1.883776307106018 -0.4353940784931183 -0.6017917394638062
1.9340267181396484 -0.42466598749160767 -0.6037496328353882
1.9782763719558716 -0.4299764037132263 -0.6029571294784546
2.0277822017669678 -0.41378241777420044 -0.6033112406730652
2.0757806301116943 -0.42277610301971436 -0.6022253036499023
2.1397736072540283 -0.42691969871520996 -0.6050227284431458
2.224973440170288 -0.42286416888237 -0.606179416179657
2.310774087905884 -0.4412901997566223 -0.6022324562072754
2.390775442123413 -0.42017045617103577 -0.6057461500167847
2.440779685974121 -0.43720489740371704 -0.6002618670463562
2.458780288696289 -0.41302061080932617 -0.6049660444259644
2.539776563644409 -0.4161366820335388 -0.606183648109436
2.6067793369293213 -0.42623162269592285 -0.6028814315795898
2.686781406402588 -0.42836177349090576 -0.6015969514846802
2.729766845703125 -0.41464686393737793 -0.6114059686660767
2.795779228210449 -0.41348543763160706 -0.6056168079376221
2.817756414413452 -0.447712242603302 -0.6100269556045532
1.4787955284118652 -0.3762170374393463 -0.6034895181655884
1.5236791372299194 -0.3785192370414734 -0.6055462956428528
1.5815430879592896 -0.3767249286174774 -0.6046453714370728
1.624793529510498 -0.3706028461456299 -0.6057266592979431
1.6787917613983154 -0.3764983117580414 -0.6054463386535645
1.7315455675125122 -0.37096744775772095 -0.6047726273536682
1.7747907638549805 -0.3729230463504791 -0.606801450252533
1.8296267986297607 -0.3867519199848175 -0.6029125452041626
1.8821959495544434 -0.3711942434310913 -0.6047084927558899
1.9331293106079102 -0.374689519405365 -0.6040031313896179
1.9927870035171509 -0.37786024808883667 -0.6079559326171875
2.0317935943603516 -0.37704357504844666 -0.6049023866653442
2.088289976119995 -0.3788500726222992 -0.6063389778137207
2.13979434967041 -0.37166839838027954 -0.6056202054023743
2.1527771949768066 -0.39758622646331787 -0.609028160572052
2.2249889373779297 -0.38026162981987 -0.6066402792930603
2.26579213142395 -0.36653634905815125 -0.6079880595207214
2.321460247039795 -0.37465664744377136 -0.6057432293891907
2.39079213142395 -0.3760741949081421 -0.6062231063842773
2.407792329788208 -0.3519112467765808 -0.6108056902885437
2.4761171340942383 -0.3791201114654541 -0.6096106767654419
2.5487892627716064 -0.37053796648979187 -0.6088317036628723
2.6261208057403564 -0.3806593716144562 -0.6078605651855469
2.736778736114502 -0.37530890107154846 -0.6134040951728821
2.7728018760681152 -0.37961840629577637 -0.600985586643219
1.485407829284668 -0.3284677267074585 -0.6067066192626953
1.5303620100021362 -0.32860949635505676 -0.6074846982955933
1.575803518295288 -0.32904064655303955 -0.6088163256645203
1.618308424949646 -0.3250448405742645 -0.6073511242866516
1.6823103427886963 -0.32416409254074097 -0.606593668460846
1.7405576705932617 -0.321397989988327 -0.608460009098053
1.7800540924072266 -0.32795748114585876 -0.6090871691703796
1.8223042488098145 -0.3214598000049591 -0.6101948022842407
1.874137043952942 -0.32965660095214844 -0.6090033054351807
1.934808373451233 -0.3235718309879303 -0.6078887581825256
2.0329408645629883 -0.32800886034965515 -0.6121224761009216
2.1203041076660156 -0.3334510028362274 -0.6082512140274048
2.1528100967407227 -0.31023505330085754 -0.6099730730056763
2.221796989440918 -0.32733508944511414 -0.6129711866378784
2.277050733566284 -0.3261837661266327 -0.6114503145217896
2.326809883117676 -0.3239966034889221 -0.6076862215995789
2.3908119201660156 -0.32315871119499207 -0.6067954301834106
2.4758052825927734 -0.3243613541126251 -0.6101206541061401
2.530812978744507 -0.3307676315307617 -0.6049521565437317
2.61629056930542 -0.33131247758865356 -0.6157298684120178
2.6867780685424805 -0.32946106791496277 -0.6224920153617859
2.740295648574829 -0.3251193165779114 -0.6147332787513733
2.7843217849731445 -0.3142542839050293 -0.6041913628578186
1.4906238317489624 -0.2745448350906372 -0.6094176173210144
1.5312663316726685 -0.2785990238189697 -0.6096342206001282
1.5758233070373535 -0.27673402428627014 -0.6093820333480835
1.6229474544525146 -0.2780160903930664 -0.6095817685127258
1.6804912090301514 -0.27846866846084595 -0.6085015535354614
1.7338236570358276 -0.26914727687835693 -0.6108614802360535
1.7733287811279297 -0.2744656801223755 -0.607352077960968
1.8148273229599 -0.27345526218414307 -0.6081986427307129
1.8763134479522705 -0.27473145723342896 -0.6149677634239197
1.9134230613708496 -0.275147020816803 -0.6101411581039429
1.9758192300796509 -0.2801390588283539 -0.6110391020774841
2.032618999481201 -0.2752668559551239 -0.6121554970741272
2.107313632965088 -0.285017728805542 -0.6128846406936646
2.1574885845184326 -0.27102360129356384 -0.6117210984230042
2.2221486568450928 -0.27812761068344116 -0.6135956048965454
2.288313388824463 -0.2770303785800934 -0.6150076389312744
2.326822519302368 -0.28966426849365234 -0.6080576181411743
2.3748016357421875 -0.2775644361972809 -0.6207439303398132
2.4118094444274902 -0.2768843173980713 -0.6170753836631775
2.4673266410827637 -0.2778637409210205 -0.608525812625885
1.4948385953903198 -0.22565725445747375 -0.6116650104522705
1.531838297843933 -0.22902782261371613 -0.6111865639686584
1.574837327003479 -0.22052538394927979 -0.6134262681007385
1.6303926706314087 -0.22766758501529694 -0.6122545599937439
1.676838994026184 -0.22431054711341858 -0.6119294166564941
1.7145851850509644 -0.22860078513622284 -0.6130090951919556
1.7723358869552612 -0.22210343182086945 -0.6140671968460083
1.8323324918746948 -0.22851525247097015 -0.6145538091659546
1.8738332986831665 -0.22603002190589905 -0.6146745681762695
1.9155851602554321 -0.22319017350673676 -0.614266574382782
1.9643312692642212 -0.22806799411773682 -0.6153514385223389
2.0238394737243652 -0.2264890819787979 -0.6115496754646301
2.0758466720581055 -0.24666784703731537 -0.6041299104690552
1.4996531009674072 -0.17651066184043884 -0.6141606569290161
1.5323498249053955 -0.17401377856731415 -0.616264283657074
1.5723512172698975 -0.17765949666500092 -0.6148598194122314
1.6354057788848877 -0.17469379305839539 -0.6160592436790466
1.6831027269363403 -0.17536063492298126 -0.6147395968437195
1.7228479385375977 -0.17873990535736084 -0.6164979934692383
1.7783485651016235 -0.17688098549842834 -0.6166128516197205
1.832648515701294 -0.17048774659633636 -0.6179466247558594
1.8738512992858887 -0.1776496320962906 -0.6151977181434631
1.9295109510421753 -0.17482934892177582 -0.619251549243927
1.9735108613967896 -0.17807231843471527 -0.6187636256217957
1.5148675441741943 -0.1287999451160431 -0.6163697242736816
1.5783660411834717 -0.12581759691238403 -0.6177479028701782
1.6218693256378174 -0.12238837033510208 -0.616891086101532
1.6763641834259033 -0.12539108097553253 -0.6189430952072144
1.7335360050201416 -0.12420136481523514 -0.6165959239006042
1.7721983194351196 -0.13265737891197205 -0.6171413660049438
1.8286609649658203 -0.1296556293964386 -0.6197245717048645
1.878868579864502 -0.12261231988668442 -0.6174331307411194
1.9313616752624512 -0.12517191469669342 -0.6203765273094177
1.978865146636963 -0.12879401445388794 -0.6180267333984375
1.5233819484710693 -0.0777113288640976 -0.6192644238471985
1.5772151947021484 -0.07539518922567368 -0.6197814345359802
1.6228793859481812 -0.0726224035024643 -0.6217553019523621
1.6813788414001465 -0.07610126584768295 -0.6213082075119019
1.731629490852356 -0.07732314616441727 -0.6207232475280762
1.7737159729003906 -0.08278480172157288 -0.6182059049606323
1.8286802768707275 -0.07854369282722473 -0.6202639937400818
1.8705499172210693 -0.07399221509695053 -0.6197846531867981
1.9261280298233032 -0.07165943831205368 -0.6227853894233704
1.9788938760757446 -0.07623348385095596 -0.6142013072967529
1.5237756967544556 -0.02712388150393963 -0.6199674606323242
1.5803296566009521 -0.02437157928943634 -0.6204347610473633
1.6238975524902344 -0.030282340943813324 -0.6210129857063293
1.6790391206741333 -0.029161876067519188 -0.6218361258506775
1.7258992195129395 -0.02246149629354477 -0.621779203414917
1.7703971862792969 -0.026075592264533043 -0.6220710277557373
1.8264693021774292 -0.02294921875 -0.6224365830421448
1.8811466693878174 -0.025548255071043968 -0.6226401925086975
1.9366885423660278 -0.02970152720808983 -0.6259352564811707
1.5306140184402466 0.023693865165114403 -0.6232801675796509
1.5739169120788574 0.021402083337306976 -0.6214793920516968
1.6204862594604492 0.023612866178154945 -0.6229985952377319
1.6834148168563843 0.023165591061115265 -0.6231299638748169
1.7351654767990112 0.02491704374551773 -0.6230802536010742
1.7724156379699707 0.026232048869132996 -0.6233370304107666
1.8220826387405396 0.023369697853922844 -0.6227225661277771
1.8629106283187866 0.036084312945604324 -0.6276448369026184
1.9307371377944946 0.024385016411542892 -0.6288426518440247
1.536354422569275 0.0724058672785759 -0.6269505620002747
1.5721319913864136 0.08086013048887253 -0.6256787180900574
1.620152473449707 0.07214628159999847 -0.6248932480812073
1.6822617053985596 0.06859071552753448 -0.6252758502960205
1.7242686748504639 0.07965120673179626 -0.623966634273529
1.7925854921340942 0.07305927574634552 -0.6309047341346741
1.8205935955047607 0.0748177096247673 -0.6272969245910645
1.8629237413406372 0.07043878734111786 -0.6280163526535034
1.9302617311477661 0.0765949934720993 -0.626867413520813
1.5241459608078003 0.12453315407037735 -0.6274009346961975
1.5723158121109009 0.1237378641963005 -0.6296721696853638
1.6258028745651245 0.1265527606010437 -0.6278332471847534
1.6791356801986694 0.11842735856771469 -0.63127201795578
1.7338169813156128 0.1271701455116272 -0.6300302743911743
1.7886887788772583 0.11898166686296463 -0.6300299763679504
1.8264403343200684 0.12228208780288696 -0.6298096179962158
1.8654426336288452 0.12556442618370056 -0.6294510960578918
1.93220055103302 0.12245214730501175 -0.6250020265579224
1.5252138376235962 0.17528335750102997 -0.6283795833587646
1.5754001140594482 0.17370018362998962 -0.6320565342903137
1.632459282875061 0.17188295722007751 -0.6300462484359741
1.6887038946151733 0.1727413684129715 -0.6329686641693115
1.7312901020050049 0.17367616295814514 -0.631767213344574
1.7807601690292358 0.17482765018939972 -0.6304454803466797
1.8289591073989868 0.17647764086723328 -0.631252646446228
1.8762871026992798 0.174937903881073 -0.6336183547973633
1.9343340396881104 0.17629489302635193 -0.6257824897766113
1.5364720821380615 0.2221115231513977 -0.6334893703460693
1.5789730548858643 0.22332589328289032 -0.6333624720573425
1.6269713640213013 0.22518253326416016 -0.634550154209137
1.6732209920883179 0.22022579610347748 -0.6338343620300293
1.7239738702774048 0.22792276740074158 -0.6339712142944336
1.7748305797576904 0.22539743781089783 -0.6337312459945679
1.833465814590454 0.22091135382652283 -0.6366044878959656
1.8779709339141846 0.22363799810409546 -0.634704053401947
1.5446531772613525 0.2784712016582489 -0.6374406814575195
1.5795834064483643 0.27112969756126404 -0.6375949382781982
1.6229950189590454 0.28037241101264954 -0.6335521340370178
1.6764872074127197 0.2701568901538849 -0.6355844140052795
1.7386473417282104 0.27501916885375977 -0.6398325562477112
1.7657365798950195 0.27333757281303406 -0.6366716623306274
1.8228449821472168 0.2726811468601227 -0.6359038352966309
1.8763234615325928 0.2718437910079956 -0.6346665024757385
1.541756510734558 0.3253079652786255 -0.6367538571357727
1.568008303642273 0.32566696405410767 -0.6359330415725708
1.6253350973129272 0.3240356147289276 -0.6388992071151733
1.6802936792373657 0.3282935619354248 -0.6367583274841309
1.7348023653030396 0.32547473907470703 -0.6389672756195068
1.7702531814575195 0.3263324499130249 -0.6388537883758545
1.8228799104690552 0.3235602378845215 -0.637410044670105
1.8780125379562378 0.33440256118774414 -0.6359020471572876
1.5470175743103027 0.3664357662200928 -0.6393469572067261
1.573620319366455 0.38256776332855225 -0.6410911083221436
1.6205201148986816 0.37346935272216797 -0.6395613551139832
1.6860207319259644 0.3739640712738037 -0.6394134163856506
1.7240287065505981 0.37415623664855957 -0.6355528831481934
1.783345103263855 0.3748897314071655 -0.6440565586090088
1.8265087604522705 0.37807536125183105 -0.6460500955581665
1.8756487369537354 0.3788861930370331 -0.6389847993850708
1.5726550817489624 0.42523911595344543 -0.6446189880371094
1.6261589527130127 0.4228542149066925 -0.6423012614250183
1.6742043495178223 0.4219323694705963 -0.6404955983161926
1.7343666553497314 0.4297420382499695 -0.6441331505775452
1.7725359201431274 0.4182409346103668 -0.6406521797180176
1.8206970691680908 0.42383596301078796 -0.6445025205612183
1.5744212865829468 0.47217467427253723 -0.6458427906036377
1.634546160697937 0.47338971495628357 -0.6461160182952881
1.6793824434280396 0.4749855101108551 -0.6451197862625122
1.7343336343765259 0.47517287731170654 -0.6458321809768677
1.777052879333496 0.4718502461910248 -0.6428408622741699
1.8190488815307617 0.47032129764556885 -0.6444218158721924
1.8779109716415405 0.47578907012939453 -0.6432522535324097
1.9217320680618286 0.47766709327697754 -0.6379202008247375
1.9800620079040527 0.4931269586086273 -0.6426138281822205
1.5752067565917969 0.5164360404014587 -0.6458232402801514
1.6375623941421509 0.5226188898086548 -0.6478317975997925
1.6865606307983398 0.5206795930862427 -0.6483348608016968
1.726060152053833 0.5170312523841858 -0.6479781866073608
1.7787309885025024 0.5290389060974121 -0.6483805775642395
1.8265646696090698 0.5263642072677612 -0.6476540565490723
1.8705613613128662 0.5259600281715393 -0.649257242679596
1.919067621231079 0.524918794631958 -0.6460004448890686
1.977569580078125 0.5288480520248413 -0.6458098888397217
2.0470614433288574 0.5260283350944519 -0.6493498086929321
2.139070749282837 0.535426914691925 -0.6467083096504211
2.1800830364227295 0.5463864207267761 -0.6429814100265503
1.6230800151824951 0.5715494751930237 -0.6487199664115906
1.7220779657363892 0.5703995227813721 -0.6496481895446777
1.8819178342819214 0.5710006356239319 -0.6466430425643921
1.9349884986877441 0.5852677822113037 -0.6148202419281006
1.9751142263412476 0.5647096633911133 -0.6308887600898743
2.037409543991089 0.5707392692565918 -0.6274628043174744
2.0971250534057617 0.5708683729171753 -0.6268314719200134
2.1358566284179688 0.5622647404670715 -0.6341932415962219
2.176133394241333 0.5655713081359863 -0.6219519376754761
2.221639394760132 0.5617757439613342 -0.6183252930641174
1.868093729019165 0.6079388856887817 -0.6492871046066284
1.9341671466827393 0.615313708782196 -0.614761471748352
1.969111680984497 0.6064285635948181 -0.6403124928474426
2.003131866455078 0.6396941542625427 -0.6367967128753662
1.939879059791565 0.6688619256019592 -0.6029643416404724
2.0151398181915283 0.6808490753173828 -0.6410005688667297
1.9383763074874878 0.7251381278038025 -0.6316726207733154
1.9636893272399902 0.7254700064659119 -0.6253649592399597
2.003156900405884 0.7061816453933716 -0.6375158429145813
1.9361588954925537 0.7527386546134949 -0.6455966830253601
1.9691716432571411 0.7661935091018677 -0.6420403718948364
2.0255095958709717 0.78289794921875 -0.6196151971817017
2.0255067348480225 0.810596227645874 -0.6263867020606995
3.6114578247070312 -1.4700779914855957 -0.5582732558250427
3.574456214904785 -1.4115207195281982 -0.5706382393836975
3.6114675998687744 -1.4434281587600708 -0.5585615634918213
3.574505090713501 -1.3761616945266724 -0.5534341931343079
3.6494905948638916 -1.3506138324737549 -0.5655784606933594
3.688462257385254 -1.39197838306427 -0.5713024735450745
2.5315206050872803 -1.3111358880996704 -0.55722576379776
2.607518196105957 -1.3302477598190308 -0.5548515915870667
2.708514451980591 -1.3305587768554688 -0.5568065047264099
2.4325482845306396 -1.261067509651184 -0.5534756779670715
2.5310349464416504 -1.2735333442687988 -0.5575200319290161
2.5875415802001953 -1.2916110754013062 -0.5509236454963684
2.6070401668548584 -1.272290825843811 -0.5553697347640991
3.4675309658050537 -1.2592856884002686 -0.5633566379547119
3.574039936065674 -1.2836697101593018 -0.5543555617332458
2.310556173324585 -1.2080851793289185 -0.5598389506340027
2.3798835277557373 -1.225787878036499 -0.5591978430747986
2.4765396118164062 -1.2285479307174683 -0.5640375018119812
2.5368824005126953 -1.2296116352081299 -0.5593056678771973
2.5865635871887207 -1.2338674068450928 -0.5513309836387634
3.5025241374969482 -1.2458808422088623 -0.569298267364502
3.574188709259033 -1.2355633974075317 -0.57248854637146
3.610548257827759 -1.22989821434021 -0.5607128143310547
2.2705557346343994 -1.171061635017395 -0.567121684551239
2.3105688095092773 -1.173988938331604 -0.5602076649665833
2.3905630111694336 -1.1782443523406982 -0.5622659921646118
2.4075582027435303 -1.1686689853668213 -0.5664398670196533
2.4585721492767334 -1.1654521226882935 -0.5605430603027344
2.530567169189453 -1.1892626285552979 -0.5583191514015198
2.1005749702453613 -1.1013836860656738 -0.5711629986763
2.1637840270996094 -1.120632290840149 -0.5628395080566406
2.275571346282959 -1.1231755018234253 -0.5689105987548828
2.334568500518799 -1.1428134441375732 -0.5664682984352112
2.374554395675659 -1.1269254684448242 -0.5765126347541809
2.4075748920440674 -1.124259114265442 -0.5669200420379639
2.47607421875 -1.1369540691375732 -0.5649121999740601
2.530550003051758 -1.1334493160247803 -0.5775967836380005
2.0275990962982178 -1.0641975402832031 -0.5663540363311768
2.075598955154419 -1.0732792615890503 -0.5645586252212524
2.113579750061035 -1.0690490007400513 -0.5751049518585205
2.162836790084839 -1.0851422548294067 -0.5685343146324158
2.212254762649536 -1.0765489339828491 -0.5696403384208679
2.2805867195129395 -1.0750678777694702 -0.5707018375396729
2.3425920009613037 -1.0688884258270264 -0.5692422986030579
2.3575756549835205 -1.0929564237594604 -0.5726842284202576
2.407588243484497 -1.0887311697006226 -0.5673044323921204
2.511590003967285 -1.0510140657424927 -0.5740792751312256
1.9311178922653198 -1.0079830884933472 -0.5680813193321228
1.9806054830551147 -1.040305733680725 -0.5678921937942505
2.0224597454071045 -1.0274791717529297 -0.5716279745101929
2.1157712936401367 -1.0271286964416504 -0.5708945393562317
2.1526100635528564 -1.0166417360305786 -0.5705649852752686
2.2169361114501953 -1.0296587944030762 -0.5713681578636169
2.2806055545806885 -1.0246614217758179 -0.5712471008300781
2.3159561157226562 -1.0228896141052246 -0.5631582140922546
2.440600633621216 -1.0132502317428589 -0.5760218501091003
2.5116002559661865 -1.0232168436050415 -0.5743799805641174
1.8279682397842407 -0.9581267833709717 -0.5692434906959534
1.8876265287399292 -0.9790341854095459 -0.5693385601043701
1.936872124671936 -0.9680545330047607 -0.5737429261207581
1.9841201305389404 -0.9761689305305481 -0.5732175707817078
2.051617383956909 -0.9780901074409485 -0.5740944147109985
2.100620985031128 -0.9773975610733032 -0.5725038647651672
2.166611433029175 -0.9910403490066528 -0.5746071934700012
2.224803924560547 -0.98077791929245 -0.5804911255836487
2.285621404647827 -0.9762957096099854 -0.5730412006378174
2.35762095451355 -0.971191942691803 -0.5740010738372803
2.432119369506836 -0.973956286907196 -0.5744118690490723
2.511617422103882 -0.976888120174408 -0.5748810768127441
1.6916487216949463 -0.9058275818824768 -0.5725882649421692
1.7366394996643066 -0.9162421226501465 -0.5750866532325745
1.77988600730896 -0.918505847454071 -0.5764347910881042
1.817136526107788 -0.9236680269241333 -0.575189471244812
1.859636664390564 -0.9238739013671875 -0.5750924348831177
1.9262069463729858 -0.9252824187278748 -0.575558602809906
2.0259199142456055 -0.9266393780708313 -0.5758287906646729
2.094640016555786 -0.9360693097114563 -0.5712928175926208
2.1666383743286133 -0.9191752076148987 -0.5753844380378723
2.2253873348236084 -0.9267364740371704 -0.5746830701828003
2.285640001296997 -0.9256311058998108 -0.5735891461372375
2.3346521854400635 -0.9189448356628418 -0.5688895583152771
2.432133197784424 -0.9380040764808655 -0.5748006701469421
2.4586267471313477 -0.9207541346549988 -0.5813322067260742
2.530388593673706 -0.923219621181488 -0.5751107335090637
1.590666651725769 -0.8537172675132751 -0.5737400650978088
1.630325436592102 -0.8621651530265808 -0.576094925403595
1.6652588844299316 -0.8750336170196533 -0.5736624598503113
1.7303963899612427 -0.8747534155845642 -0.5797555446624756
1.7966407537460327 -0.876164436340332 -0.58238685131073
1.8286412954330444 -0.8767988085746765 -0.5820481777191162
1.8736460208892822 -0.875410795211792 -0.5800020098686218
1.9046549797058105 -0.8752492666244507 -0.5756607055664062
1.95864999294281 -0.8774751424789429 -0.5777010321617126
2.021658420562744 -0.8747007846832275 -0.5741080045700073
2.135305643081665 -0.8775140643119812 -0.583163857460022
2.172245502471924 -0.8749933242797852 -0.5805452466011047
2.261887550354004 -0.88514244556427 -0.5825626850128174
2.315986394882202 -0.8805909156799316 -0.5760641098022461
2.3576571941375732 -0.8755196928977966 -0.5750359296798706
2.440647840499878 -0.8871976733207703 -0.5773853659629822
2.4671449661254883 -0.860102653503418 -0.5840231776237488
2.530413866043091 -0.8812296986579895 -0.5708964467048645
1.53007173538208 -0.8134376406669617 -0.5790974497795105
1.579501986503601 -0.828522264957428 -0.5776619911193848
1.624382495880127 -0.8214609622955322 -0.5794808268547058
1.6746629476547241 -0.8209533095359802 -0.5820746421813965
1.7144140005111694 -0.8227851390838623 -0.5812842845916748
1.7755146026611328 -0.8293466567993164 -0.5833771824836731
1.8306607007980347 -0.8209916949272156 -0.5832928419113159
1.873664140701294 -0.8270304203033447 -0.5805251598358154
1.9154149293899536 -0.8305214643478394 -0.579432487487793
1.9669156074523926 -0.8229835629463196 -0.5807527303695679
2.0204663276672363 -0.831044614315033 -0.5787132978439331
2.071662664413452 -0.8268505930900574 -0.5814045071601868
2.1353275775909424 -0.8198237419128418 -0.583787739276886
2.180662155151367 -0.8364540934562683 -0.5800445675849915
2.2219905853271484 -0.8188484907150269 -0.5858160257339478
2.265650510787964 -0.8344030380249023 -0.5862098336219788
2.321321725845337 -0.8368954062461853 -0.5836150050163269
2.3784139156341553 -0.8302394151687622 -0.5806469321250916
2.467158794403076 -0.8237592577934265 -0.584416389465332
2.5264735221862793 -0.8294508457183838 -0.5762032866477966
2.5771772861480713 -0.839799165725708 -0.5725458860397339
2.606671094894409 -0.8202919960021973 -0.5793847441673279
2.6766421794891357 -0.8119401931762695 -0.5952016115188599
1.3977001905441284 -0.7541468739509583 -0.576568603515625
1.4326937198638916 -0.7687038779258728 -0.5768541693687439
1.476059913635254 -0.7728278040885925 -0.5803874731063843
1.5312474966049194 -0.7795529365539551 -0.5834851861000061
1.5740509033203125 -0.775528073310852 -0.5844528675079346
1.6240105628967285 -0.7710694074630737 -0.5847676992416382
1.6798127889633179 -0.775838315486908 -0.5875686407089233
1.7266792058944702 -0.7736033201217651 -0.5834318399429321
1.7596746683120728 -0.7809208631515503 -0.5842639207839966
1.8246747255325317 -0.7725945115089417 -0.585889458656311
1.8839267492294312 -0.7757560014724731 -0.5842905044555664
1.9256782531738281 -0.7780544757843018 -0.5831348896026611
1.9733463525772095 -0.7746570110321045 -0.5831906199455261
2.019680976867676 -0.7771857380867004 -0.5820906162261963
2.0696840286254883 -0.7726644277572632 -0.5814231038093567
2.126678705215454 -0.7851926684379578 -0.5817674398422241
2.16633677482605 -0.7780037522315979 -0.5874109864234924
2.225675582885742 -0.7791672945022583 -0.5844892859458923
2.2731738090515137 -0.7615779042243958 -0.588959276676178
2.322676658630371 -0.7773774862289429 -0.5845977067947388
2.390679121017456 -0.7727495431900024 -0.5842921733856201
2.4671759605407715 -0.7781573534011841 -0.5849096179008484
2.51169753074646 -0.7637759447097778 -0.5771859884262085
2.6256818771362305 -0.7679573893547058 -0.5842192769050598
1.4269462823867798 -0.7270927429199219 -0.5837428569793701
1.4837931394577026 -0.7274210453033447 -0.5853139162063599
1.5259442329406738 -0.724728524684906 -0.5852809548377991
1.5761905908584595 -0.7242041826248169 -0.5872340798377991
1.6276882886886597 -0.7228622436523438 -0.5886568427085876
1.681185245513916 -0.726870596408844 -0.5894621014595032
1.7246932983398438 -0.7257664799690247 -0.5858469605445862
1.7704882621765137 -0.7245305180549622 -0.5884959697723389
1.8246922492980957 -0.7254797220230103 -0.5863990783691406
1.8946892023086548 -0.7241766452789307 -0.5882155895233154
1.9421873092651367 -0.7271779775619507 -0.5887318253517151
1.9696990251541138 -0.7296728491783142 -0.5825828313827515
2.0336906909942627 -0.729800283908844 -0.5866785645484924
2.0926880836486816 -0.7269164323806763 -0.5884434580802917
2.1396963596343994 -0.7187914848327637 -0.5860780477523804
2.173187017440796 -0.737403929233551 -0.5870406627655029
2.2220139503479004 -0.7260099649429321 -0.5923557877540588
2.2856812477111816 -0.7234504818916321 -0.5926414132118225
2.3373563289642334 -0.721843957901001 -0.5889264941215515
2.382707118988037 -0.708695650100708 -0.5830105543136597
2.4689295291900635 -0.7129986882209778 -0.5714070200920105
2.6667282581329346 -0.7006160020828247 -0.5744813084602356
1.4342069625854492 -0.6751844882965088 -0.588614284992218
1.483033537864685 -0.6804027557373047 -0.5909692645072937
1.5199604034423828 -0.6715442538261414 -0.5877106785774231
1.5791350603103638 -0.6714107394218445 -0.5897383093833923
1.623103380203247 -0.6789451241493225 -0.5898211598396301
1.676208257675171 -0.6753265261650085 -0.5882615447044373
1.7359527349472046 -0.6790758967399597 -0.5902080535888672
1.780699610710144 -0.6760931015014648 -0.5924407839775085
1.8167064189910889 -0.6778357625007629 -0.5888246297836304
1.8672091960906982 -0.6681700944900513 -0.5893375873565674
1.9369498491287231 -0.682334303855896 -0.591124415397644
1.9754563570022583 -0.6807745695114136 -0.5884408950805664
2.029705762863159 -0.6685957312583923 -0.5911040306091309
2.0947072505950928 -0.6734523773193359 -0.5895891189575195
2.139705181121826 -0.6951122879981995 -0.5863341093063354
2.1666958332061768 -0.6795676946640015 -0.5939631462097168
2.21470308303833 -0.6775387525558472 -0.5909076929092407
2.2956910133361816 -0.6841920018196106 -0.5956816673278809
2.342705726623535 -0.6715376973152161 -0.590826153755188
2.3907153606414795 -0.675737738609314 -0.5853415131568909
2.407715320587158 -0.6537063717842102 -0.5897754430770874
2.4829273223876953 -0.6802495718002319 -0.5787668228149414
2.5866968631744385 -0.6712725162506104 -0.5955902338027954
2.630725383758545 -0.6722673177719116 -0.5814969539642334
2.686732530593872 -0.6660233736038208 -0.5792012214660645
2.8417088985443115 -0.6607391834259033 -0.5919683575630188
1.4430001974105835 -0.6301631927490234 -0.593716561794281
1.4775935411453247 -0.6211327910423279 -0.5935205817222595
1.5307165384292603 -0.6252657771110535 -0.5937841534614563
1.5807188749313354 -0.6290777325630188 -0.5919153690338135
1.6253836154937744 -0.629930853843689 -0.5927568078041077
1.6763864755630493 -0.6321641206741333 -0.5908582806587219
1.7225803136825562 -0.6205682754516602 -0.5916595458984375
1.7851158380508423 -0.624929666519165 -0.5944698452949524
1.8247162103652954 -0.6246633529663086 -0.5942911505699158
1.8758902549743652 -0.6273525357246399 -0.5902142524719238
1.904726505279541 -0.6084177494049072 -0.5926001071929932
1.9723186492919922 -0.6258995532989502 -0.5931523442268372
2.003723382949829 -0.6087648272514343 -0.594038724899292
2.0785155296325684 -0.6271581053733826 -0.5946298241615295
2.1310575008392334 -0.6296369433403015 -0.5898459553718567
2.1710586547851562 -0.6248207688331604 -0.5903573036193848
2.221719980239868 -0.6222004294395447 -0.5933889150619507
2.2707223892211914 -0.6351137757301331 -0.5896731615066528
2.3427252769470215 -0.6196848750114441 -0.5913870930671692
2.4077250957489014 -0.6270603537559509 -0.5900636315345764
2.4937150478363037 -0.639102041721344 -0.5927584171295166
2.5117154121398926 -0.6157243847846985 -0.5973208546638489
2.586721897125244 -0.6044750809669495 -0.5963127017021179
2.6257364749908447 -0.6226611733436584 -0.585790753364563
2.6767330169677734 -0.6243261694908142 -0.5873183012008667
2.7297251224517822 -0.6359729170799255 -0.5888695120811462
2.7727138996124268 -0.6148818731307983 -0.5984410047531128
2.864713430404663 -0.6235964894294739 -0.597197949886322
1.4447270631790161 -0.5761299133300781 -0.5980730652809143
1.4744850397109985 -0.5763439536094666 -0.5941037535667419
1.533358097076416 -0.5754085779190063 -0.5953534841537476
1.5839852094650269 -0.5816412568092346 -0.593171238899231
1.6301647424697876 -0.5719135403633118 -0.5945825576782227
1.6763324737548828 -0.5765246748924255 -0.5956063866615295
1.7277357578277588 -0.5767948031425476 -0.5938957333564758
1.7837367057800293 -0.5719169974327087 -0.5945736765861511
1.8297301530838013 -0.5790209174156189 -0.5964246392250061
1.8712313175201416 -0.5776026248931885 -0.5962460041046143
1.918229579925537 -0.5771709680557251 -0.5971667170524597
1.958734393119812 -0.5741754174232483 -0.595433235168457
2.0217349529266357 -0.5766282081604004 -0.5947128534317017
2.063734531402588 -0.5651265978813171 -0.5971924662590027
2.1223931312561035 -0.5802284479141235 -0.598446786403656
2.1667351722717285 -0.5756630301475525 -0.595086932182312
2.221738576889038 -0.5730266571044922 -0.5939208269119263
2.285738229751587 -0.5716781616210938 -0.594282865524292
2.3347458839416504 -0.5746268630027771 -0.5898407697677612
2.3577420711517334 -0.5539010763168335 -0.5959113836288452
2.432480812072754 -0.5792995095252991 -0.5966888666152954
2.511732816696167 -0.5693956613540649 -0.5978219509124756
2.5867326259613037 -0.5758476257324219 -0.5966222882270813
2.6867218017578125 -0.5869458317756653 -0.5998817682266235
1.4447472095489502 -0.5228452682495117 -0.598649263381958
1.4794487953186035 -0.5290703773498535 -0.5966091752052307
1.5294628143310547 -0.5289844870567322 -0.5967599749565125
1.5787444114685059 -0.5309523344039917 -0.598440408706665
1.6278756856918335 -0.5247724652290344 -0.596794068813324
1.6827455759048462 -0.5290176272392273 -0.5984084010124207
1.7251791954040527 -0.5323388576507568 -0.5952950119972229
1.7781535387039185 -0.5229197144508362 -0.5958222150802612
1.8314181566238403 -0.5187633633613586 -0.5976229906082153
1.873749852180481 -0.5230743885040283 -0.5976372361183167
1.9157499074935913 -0.5269792079925537 -0.5969265103340149
1.9587533473968506 -0.5235994458198547 -0.5959803462028503
2.0217502117156982 -0.5282226800918579 -0.5964978933334351
2.0637519359588623 -0.5194509625434875 -0.5976865291595459
2.122410535812378 -0.5333179235458374 -0.5989542007446289
2.15742564201355 -0.525583803653717 -0.5930494666099548
2.2267539501190186 -0.5249344706535339 -0.5957857370376587
2.524092674255371 -0.5160334706306458 -0.5950832962989807
2.577252149581909 -0.5357664823532104 -0.5948513150215149
2.640770435333252 -0.5140254497528076 -0.5903357863426208
2.8417813777923584 -0.5243406891822815 -0.5829589366912842
1.4836419820785522 -0.47847652435302734 -0.5974993705749512
1.5260140895843506 -0.4771936237812042 -0.599216103553772
1.5734277963638306 -0.489088237285614 -0.5983976721763611
1.6313904523849487 -0.47770580649375916 -0.5985996127128601
1.6827665567398071 -0.47315746545791626 -0.5990126132965088
1.8347642421722412 -0.47905346751213074 -0.5991458892822266
1.920759677886963 -0.4928416907787323 -0.5988619923591614
1.9697633981704712 -0.4779512584209442 -0.5998385548591614
2.015770673751831 -0.4635408818721771 -0.5991911888122559
2.0637686252593994 -0.4737754166126251 -0.5981804728507996
2.113767147064209 -0.4844352900981903 -0.5970239639282227
2.1667709350585938 -0.4796821177005768 -0.5961251854896545
2.236759662628174 -0.4942046105861664 -0.598807692527771
2.440769672393799 -0.4642161428928375 -0.5999696850776672
2.493777275085449 -0.47351422905921936 -0.5945492386817932
2.580442190170288 -0.46979305148124695 -0.5962997674942017
2.841792106628418 -0.46673840284347534 -0.5888243913650513
2.8744313716888428 -0.48096829652786255 -0.5667914152145386
1.6827806234359741 -0.43591734766960144 -0.5994154810905457
1.8347845077514648 -0.42491286993026733 -0.5997315645217896
1.8737940788269043 -0.40557920932769775 -0.5989080667495728
2.0157790184020996 -0.4412344694137573 -0.5994325280189514
2.0637803077697754 -0.4433250427246094 -0.5985099077224731
2.2957923412323 -0.41319385170936584 -0.5986126065254211
2.493790864944458 -0.4367169737815857 -0.5949472188949585
2.795821189880371 -0.4132623076438904 -0.5849894881248474
2.8178529739379883 -0.4160778820514679 -0.5687845945358276
2.8768692016601562 -0.424041748046875 -0.5594198703765869
2.767591953277588 -0.36350035667419434 -0.5845891237258911
2.8418962955474854 -0.3877156376838684 -0.5529826879501343
2.864894390106201 -0.3694992661476135 -0.5576680302619934
2.7843575477600098 -0.3294602632522583 -0.5834819674491882
2.833902359008789 -0.3240593671798706 -0.5625355839729309
2.7958638668060303 -0.29981133341789246 -0.5862164497375488
1.9746898412704468 0.5868040919303894 -0.5981646180152893
2.0151944160461426 0.5846739411354065 -0.5953645706176758
2.0691945552825928 0.5860003232955933 -0.5958342552185059
2.119696855545044 0.5855023860931396 -0.5945199131965637
2.1662027835845947 0.5831657648086548 -0.5913644433021545
2.240527629852295 0.5794326066970825 -0.5947877764701843
2.280228853225708 0.5905205011367798 -0.5799962282180786
1.947222113609314 0.6285370588302612 -0.5904077887535095
1.98088538646698 0.6204757690429688 -0.5905722975730896
2.045222282409668 0.6241631507873535 -0.5894379019737244
2.0942256450653076 0.6244492530822754 -0.5878947377204895
2.1522233486175537 0.6189067959785461 -0.5879856944084167
2.2072269916534424 0.6193176507949829 -0.5865000486373901
2.277742624282837 0.6234631538391113 -0.5797353982925415
2.0392444133758545 0.6748350858688354 -0.5882837176322937
2.096245288848877 0.6792603731155396 -0.5890401005744934
2.1392526626586914 0.6781178712844849 -0.5851296782493591
2.1752493381500244 0.6634106636047363 -0.5838988423347473
2.2072389125823975 0.6518787741661072 -0.5868522524833679
2.270246982574463 0.6714842319488525 -0.5867959856987
2.3422534465789795 0.6937970519065857 -0.588060200214386
2.357241153717041 0.6810281276702881 -0.5916242599487305
2.2362453937530518 0.7102869153022766 -0.5950694680213928
2.310243606567383 0.7178415060043335 -0.597464919090271
2.0512847900390625 0.8000611066818237 -0.5930426120758057
3.688498020172119 -1.4461196660995483 -0.543495774269104
3.7274956703186035 -1.4198684692382812 -0.5496631860733032
3.8085899353027344 -1.4073771238327026 -0.505804181098938
3.688528299331665 -1.3644661903381348 -0.544378936290741
3.768242359161377 -1.3744202852249146 -0.5192124843597412
3.6885385513305664 -1.3372483253479004 -0.5446733236312866
2.6675467491149902 -1.2911392450332642 -0.5486266613006592
3.629579544067383 -1.2761833667755127 -0.5364331007003784
3.8731536865234375 -1.4231088161468506 -0.47145867347717285
2.8166847229003906 1.122900128364563 -0.46036002039909363
2.8167002201080322 1.1644502878189087 -0.4608094394207001
2.79473876953125 1.2478958368301392 -0.45823073387145996
2.8327176570892334 1.2233960628509521 -0.4639787971973419
3.9387550354003906 -1.4243382215499878 -0.42158129811286926
2.1394824981689453 0.3486422598361969 -0.4079803228378296
2.7282967567443848 1.1275073289871216 -0.40615734457969666
2.794738292694092 1.134748935699463 -0.4363918900489807
2.685835599899292 1.1985704898834229 -0.40082815289497375
2.7068259716033936 1.1881963014602661 -0.4037289619445801
2.706803560256958 1.2378884553909302 -0.42423194646835327
3.573272228240967 -0.47682490944862366 -0.3519259989261627
3.3762669563293457 -0.369384765625 -0.37509244680404663
3.4312937259674072 -0.3579608201980591 -0.36444321274757385
2.0756795406341553 -0.21848760545253754 -0.3643442690372467
2.1263766288757324 -0.20202963054180145 -0.3525298833847046
2.0735244750976562 -0.17501027882099152 -0.3669910430908203
2.126382350921631 -0.1863468736410141 -0.3526994585990906
2.083698272705078 -0.13221807777881622 -0.37179356813430786
2.1177210807800293 -0.12333447486162186 -0.36236998438835144
2.1728925704956055 -0.11764157563447952 -0.36114394664764404
2.0293807983398438 -0.07472342997789383 -0.37521159648895264
2.0924038887023926 -0.07597074657678604 -0.36369583010673523
2.0214006900787354 -0.02982640452682972 -0.3742245137691498
2.079759120941162 -0.029720650985836983 -0.36200475692749023
2.018869161605835 0.021397888660430908 -0.36469945311546326
2.063448190689087 0.01604454219341278 -0.35967397689819336
2.023484706878662 0.07484109699726105 -0.3533899486064911
1.9639955759048462 0.16580979526042938 -0.36578771471977234
2.009531021118164 0.18536147475242615 -0.3521632254123688
2.0875442028045654 0.29365435242652893 -0.366828590631485
2.13527774810791 0.33634665608406067 -0.383413702249527
1.9799830913543701 0.3789622187614441 -0.3783467710018158
2.0265471935272217 0.3661419749259949 -0.37956783175468445
2.685791015625 1.0797208547592163 -0.3995427191257477
2.7498393058776855 1.1468908786773682 -0.3891688287258148
3.466235637664795 -0.7699388861656189 -0.31256726384162903
3.3982677459716797 -0.7177533507347107 -0.306888610124588
3.536193370819092 -0.7069638967514038 -0.3457667827606201
3.648282289505005 -0.7010100483894348 -0.30310380458831787
3.466264247894287 -0.6932225823402405 -0.31339702010154724
3.573246955871582 -0.6874340772628784 -0.323283314704895
3.6102471351623535 -0.6676402688026428 -0.3268943727016449
3.7262794971466064 -0.6741891503334045 -0.3099793791770935
3.610262393951416 -0.6276880502700806 -0.3273264765739441
3.726294755935669 -0.6329526305198669 -0.31042537093162537
3.6102774143218994 -0.5877357125282288 -0.3277585506439209
3.6293251514434814 -0.5236045122146606 -0.31673741340637207
3.5733258724212646 -0.4765397608280182 -0.32556426525115967
3.6293723583221436 -0.46998050808906555 -0.3039984703063965
3.381863594055176 -0.4026760756969452 -0.3211962878704071
3.518821954727173 -0.44386082887649536 -0.3338307738304138
3.3818728923797607 -0.37772756814956665 -0.3214661777019501
3.483859062194824 -0.36260905861854553 -0.3313670754432678
3.5734193325042725 -0.3708074390888214 -0.30034303665161133
2.0884101390838623 -0.3140838146209717 -0.3142161965370178
2.1004347801208496 -0.3233124315738678 -0.30043408274650574
2.088054656982422 -0.2757481634616852 -0.3325027525424957
2.119929552078247 -0.27922144532203674 -0.31152695417404175
2.1570990085601807 -0.25711551308631897 -0.3145724833011627
2.087876558303833 -0.23730884492397308 -0.3457719087600708
2.122054100036621 -0.2328612059354782 -0.3410223126411438
2.171812057495117 -0.22470997273921967 -0.33089980483055115
2.2131576538085938 -0.22808261215686798 -0.30783265829086304
2.057415723800659 -0.158390074968338 -0.3415740728378296
2.1803958415985107 -0.19022245705127716 -0.34551793336868286
2.2144339084625244 -0.19250419735908508 -0.32634633779525757
2.1524486541748047 -0.11660319566726685 -0.33394524455070496
2.0884599685668945 -0.014071734622120857 -0.3482692241668701
2.0787274837493896 0.024205803871154785 -0.3470684289932251
2.0716822147369385 0.07757550477981567 -0.3388024568557739
2.02408766746521 0.12400098890066147 -0.34753572940826416
2.07521390914917 0.12374403327703476 -0.3322458565235138
2.0223453044891357 0.17039251327514648 -0.3422556519508362
2.062570810317993 0.1760622262954712 -0.33080732822418213
2.06258487701416 0.2140883505344391 -0.3312186002731323
1.9301528930664062 0.39761433005332947 -0.33360856771469116
1.9741183519363403 0.385367214679718 -0.3481849133968353
3.501279354095459 -0.7771641612052917 -0.289869099855423
3.4313104152679443 -0.7241899967193604 -0.28453198075294495
3.629326820373535 -0.7373015880584717 -0.2743290066719055
3.5013082027435303 -0.6996728777885437 -0.29070717096328735
3.5014147758483887 -0.41553813219070435 -0.29378026723861694
2.1264846324920654 -0.3684075176715851 -0.26704737544059753
3.536416530609131 -0.3933348059654236 -0.29697543382644653
2.1232149600982666 -0.33018508553504944 -0.284042090177536
2.164163589477539 -0.32382816076278687 -0.26964807510375977
2.2218589782714844 -0.31247979402542114 -0.2578342854976654
2.173213481903076 -0.2771857976913452 -0.29534122347831726
2.2340755462646484 -0.2781195640563965 -0.27528783679008484
2.136284351348877 -0.41425544023513794 -0.23366330564022064
2.1525752544403076 -0.42487120628356934 -0.21153753995895386
2.139526128768921 -0.3912504017353058 -0.2421727031469345
2.170884847640991 -0.37772053480148315 -0.2324906587600708
2.221907377243042 -0.36125028133392334 -0.224564790725708
2.180532217025757 -0.3499918580055237 -0.24729105830192566
2.239159345626831 -0.33202651143074036 -0.23758384585380554
2.2655887603759766 -0.32881301641464233 -0.22378505766391754
2.5221331119537354 0.03167693689465523 -0.22334614396095276
2.5667924880981445 0.06706428527832031 -0.20112663507461548
2.4768624305725098 0.1181594505906105 -0.23124748468399048
2.8408126831054688 0.1192425787448883 -0.2018475979566574
2.5328075885772705 0.02550651691854 -0.18561813235282898
2.5668437480926514 0.04844135791063309 -0.17252692580223083
2.5298047065734863 0.08436448872089386 -0.19846296310424805
2.6448214054107666 0.07013542950153351 -0.18766169250011444
2.6658592224121094 0.07111980020999908 -0.16947242617607117
2.735525369644165 0.09385918825864792 -0.17416343092918396
2.5171539783477783 0.12098023295402527 -0.19788305461406708
2.8169000148773193 0.11845572292804718 -0.1586121767759323
2.879871129989624 0.13575729727745056 -0.17640025913715363
2.6349217891693115 0.07029373198747635 -0.13834457099437714
2.1654863357543945 0.27874308824539185 0.09896299242973328
2.1561696529388428 0.3250722885131836 0.09800992161035538
2.1255154609680176 0.3670971989631653 0.09607025980949402
2.1385414600372314 0.43256616592407227 0.09599173069000244
2.151531934738159 0.40364328026771545 0.09693410992622375
2.15857195854187 0.5084452629089355 0.09613960981369019
2.1385886669158936 0.5586776733398438 0.0946277379989624
2.151597261428833 0.578102171421051 0.09504722058773041
2.138618230819702 0.6374973654747009 0.09377525001764297
2.132131576538086 0.6747173070907593 0.09305790811777115
2.1655354499816895 0.27900201082229614 0.12290774285793304
2.1608855724334717 0.3260936737060547 0.12212077528238297
2.138550043106079 0.36968082189559937 0.11243763566017151
2.155069351196289 0.37280523777008057 0.12128139287233353
2.1539201736450195 0.42022842168807983 0.12069475650787354
2.1714649200439453 0.4764136075973511 0.1200171485543251
2.2113330364227295 0.4812951683998108 0.1478901356458664
2.1386148929595947 0.5430842638015747 0.11056216061115265
2.1682302951812744 0.5223355293273926 0.1220780685544014
2.2113516330718994 0.5302647352218628 0.14736051857471466
2.158529281616211 0.5763488411903381 0.12329643964767456
2.213700532913208 0.5715867280960083 0.1470782607793808
2.1386475563049316 0.6297858953475952 0.10962440818548203
2.163548469543457 0.6273686289787292 0.13159173727035522
2.206714153289795 0.6103820204734802 0.146164670586586
2.138662338256836 0.6691957712173462 0.10919816792011261
2.1516947746276855 0.6656745076179504 0.1258234828710556
2.2137436866760254 0.6858606934547424 0.1458422839641571
2.1224288940429688 0.7185696363449097 0.10775727033615112
2.221238136291504 0.712723970413208 0.137947216629982
2.264772653579712 0.7440118193626404 0.14881248772144318
2.121365785598755 0.772998571395874 0.10710810869932175
2.2797789573669434 0.7994474172592163 0.14086827635765076
2.2357654571533203 0.8245879411697388 0.1294127106666565
2.275296688079834 0.8272008895874023 0.14445212483406067
2.4058284759521484 0.9337555170059204 0.1389743685722351
2.421839714050293 0.9580049514770508 0.13972315192222595
2.2067015171051025 0.4885644018650055 0.16374987363815308
2.294673442840576 0.4666782319545746 0.1539291888475418
2.2113847732543945 0.5304410457611084 0.16366071999073029
2.235750436782837 0.5613564252853394 0.17346404492855072
2.2647645473480225 0.5856911540031433 0.17556850612163544
2.2282562255859375 0.6249616742134094 0.1639506071805954
2.269782781600952 0.6177365183830261 0.1784311980009079
2.309798002243042 0.7934021353721619 0.15145404636859894
2.286341428756714 0.8273310661315918 0.16628305613994598
2.308838367462158 0.8102490305900574 0.16822175681591034
2.3558461666107178 0.8099480867385864 0.1718887835741043
2.4059038162231445 0.8456588387489319 0.19313666224479675
2.456909656524658 0.8370131850242615 0.1975821703672409
2.3644068241119385 0.8740643262863159 0.18928809463977814
2.3848869800567627 0.9300943613052368 0.16844718158245087
2.4059436321258545 0.9520654082298279 0.19198577105998993
2.422478199005127 0.8430473804473877 0.23022854328155518
2.473971128463745 0.828130304813385 0.22952619194984436
2.3410115242004395 0.8830051422119141 0.23895619809627533
2.3689732551574707 0.8693766593933105 0.22267881035804749
2.421945095062256 0.8516622185707092 0.21229161322116852
2.38499116897583 0.921890139579773 0.2213098704814911
2.421985149383545 0.9587773084640503 0.21113309264183044
2.4225330352783203 0.8433369398117065 0.2570127844810486
2.465538501739502 0.8315752744674683 0.26194968819618225
2.3890485763549805 0.8578559160232544 0.26199811697006226
